cp,r,q,moneyness,days,sigma,european,american,premium,premium_pct,premium_bp,vega
call,0.0,0.0,0.85,30,0.2,0.004213564096771816,0.004213569122291217,5.02551940166629e-9,0.00011927003568111249,0.0002250381487062214,0.22331855423441607
call,0.0,0.0,0.85,30,0.4,0.4385812588347928,0.43858129245691224,3.362211942192772e-8,7.666109471082685e-6,7.410577873134087e-5,4.537044208633116
call,0.0,0.0,0.85,91,0.2,0.2357004777649303,0.2357005104941028,3.272917248331453e-8,1.3885916903382823e-5,5.701842600942367e-5,5.740104519529396
call,0.0,0.0,0.85,91,0.4,2.534245929592366,2.534245914509391,-1.508297486907395e-8,-5.951661870282673e-7,9.769134414366833e-6,15.439417894478346
call,0.0,0.0,0.85,365,0.2,2.54272709814369,2.542727082855259,-1.5288430965654243e-8,-6.012611804395177e-7,4.939901552540057e-6,30.948857589668073
call,0.0,0.0,0.85,365,0.4,9.809266654935705,9.809266498074882,-1.5686082299737336e-7,-1.5991085624983605e-6,4.0164827208442604e-5,39.0542755688493
call,0.0,0.0,0.85,730,0.2,5.363181272403768,5.363181194638549,-7.776521915303647e-8,-1.4499830455699336e-6,1.5139272223942226e-5,51.36655052021161
call,0.0,0.0,0.85,730,0.4,16.37624480934233,16.376244558380726,-2.5096160527482425e-7,-1.532473458943747e-6,4.448222736767959e-5,56.418399015956396
call,0.0,0.0,1.0,30,0.2,2.2871506280449694,2.2871505987255705,-2.931939890871149e-8,-1.28191814518895e-6,2.5645388267593823e-5,11.432620400510856
call,0.0,0.0,1.0,30,0.4,4.57242230723562,4.572422248741432,-5.849418727166267e-8,-1.2792822565645057e-6,5.122740527950848e-5,11.418534074194262
call,0.0,0.0,1.0,91,0.2,3.9822992789311584,3.98229922795639,-5.097476840631998e-8,-1.2800335895397976e-6,2.562195784728966e-5,19.894954441083897
call,0.0,0.0,1.0,91,0.4,7.954684509454552,7.954684408184216,-1.0127033611695424e-7,-1.2730905417630232e-6,5.109324013486449e-5,19.820691709831575
call,0.0,0.0,1.0,365,0.2,7.965567455405804,7.965567354007154,-1.0139864947689148e-7,-1.2729620337101992e-6,2.554427478079446e-5,39.69525474770118
call,0.0,0.0,1.0,365,0.4,15.851941887820608,15.8519416904869,-1.973337084848481e-7,-1.2448551091173497e-6,5.0463468957492896e-5,39.104269397545586
call,0.0,0.0,1.0,730,0.2,11.246291601828489,11.246291459723164,-1.4210532484071337e-7,-1.2635749620577955e-6,2.5440651739144166e-5,55.857580339446855
call,0.0,0.0,1.0,730,0.4,22.270258921047848,22.27025865200897,-2.6903887828666484e-7,-1.2080635399905183e-6,4.963199806642529e-5,54.206739355243165
call,0.0,0.0,1.15,30,0.2,13.05645759918896,13.056457607935197,8.746237512013977e-9,6.698782916858916e-8,0.00016002397223051408,0.5465579556677325
call,0.0,0.0,1.15,30,0.4,13.620064928482563,13.620064949494182,2.101161911127747e-8,1.5426959578832502e-7,4.147040228893372e-5,5.066654276677796
call,0.0,0.0,1.15,91,0.2,13.384987981548576,13.384988006290502,2.474192584145385e-8,1.8484832317788403e-7,3.551134786867694e-5,6.967329410573474
call,0.0,0.0,1.15,91,0.4,15.698092554334451,15.698092524627665,-2.9706786364158688e-8,-1.8923819095432872e-7,2.0531359513824435e-5,14.468981629860476
call,0.0,0.0,1.15,365,0.2,15.706039704125658,15.706039674240674,-2.9884983376859964e-8,-1.9027701406491277e-7,1.0306327676618614e-5,28.996733186213692
call,0.0,0.0,1.15,365,0.4,22.22162571881814,22.221625571826443,-1.4699169526011246e-7,-6.614803845590567e-7,4.284771758631823e-5,34.30560681884456
call,0.0,0.0,1.15,730,0.2,18.281637507776523,18.281637425623124,-8.215339875050631e-8,-4.493765873848031e-7,1.7820202588739718e-5,46.10127092630116
call,0.0,0.0,1.15,730,0.4,27.95382996055757,27.95382973590348,-2.2465409088567867e-7,-8.036612199568437e-7,4.582105056486386e-5,49.028577065831435
call,0.0,0.02,0.85,30,0.2,0.0038191192867321755,0.003825579591630172,6.4603048979964064e-6,0.1691569289401316,0.31416237858447754,0.2056358538888273
call,0.0,0.02,0.85,30,0.4,0.42448693764563217,0.424976733234661,0.0004897955890288408,0.11538531473911436,1.1027220697834108,4.441695713272911
call,0.0,0.02,0.85,91,0.2,0.20856877005846464,0.2095831791945914,0.0010144091361267704,0.48636674409232883,1.9240131284169661,5.2723607814537266
call,0.0,0.02,0.85,91,0.4,2.4179428444856157,2.425106055511468,0.007163211025852156,0.2962522890972649,4.748074933253002,15.086558503289028
call,0.0,0.02,0.85,365,0.2,2.1011633575460884,2.1374282928661668,0.03626493532007835,1.7259455429696589,12.901708907617461,28.108629313956005
call,0.0,0.02,0.85,365,0.4,9.000216849413011,9.08688793462607,0.08667108521305877,0.9629888553042076,22.904145573007522,37.84078517000015
call,0.0,0.02,0.85,730,0.2,4.1575125898799,4.291943329534172,0.1344307396542721,3.2334415530454343,29.25078716136491,45.95799043378607
call,0.0,0.02,0.85,730,0.4,14.477590012261889,14.736784474294717,0.2591944620328288,1.790314975167154,47.95117131272966,54.053833292706265
call,0.0,0.02,1.0,30,0.2,2.2040868906830653,2.213936672666942,0.00984978198387676,0.4468871905873107,8.626135298870928,11.418534074194262
call,0.0,0.02,1.0,30,0.4,4.4870118374753005,4.495947905806688,0.008936068331387048,0.19915410645350762,7.833172715068109,11.407980720503428
call,0.0,0.02,1.0,91,0.2,3.7286477344260334,3.7634838792486276,0.03483614482259423,0.9342836144309756,17.57564535717722,19.820691709831575
call,0.0,0.02,1.0,91,0.4,7.688671644095457,7.720994948971166,0.03232330487570856,0.4204016814859216,16.353663554859587,19.7651766329163
call,0.0,0.02,1.0,365,0.2,6.93590460924807,7.110856003256645,0.17495139400857518,2.5224019629004366,44.73971684011469,39.104269397545586
call,0.0,0.02,1.0,365,0.4,14.724284530322329,14.89766372069463,0.17337919037230165,1.1775050258995927,44.83927762285677,38.66681168028492
call,0.0,0.02,1.0,730,0.2,9.174601418140078,9.570973190345287,0.3963717722052085,4.320315991292,73.12223109521331,54.206739355243165
call,0.0,0.02,1.0,730,0.4,19.926229224405326,20.342434394809334,0.41620517040400884,2.0887302144163202,78.52823068480645,53.00070646880572
call,0.0,0.02,1.15,30,0.2,12.893376562998668,13.043478260869563,0.15010169787089467,1.1641767937008494,2564.1055334450325,0.5853959437824849
call,0.0,0.02,1.15,30,0.4,13.472608541580783,13.51868576543978,0.046077223858997485,0.34200669986653603,89.44980074545742,5.151182392246687
call,0.0,0.02,1.15,91,0.2,12.925981839819627,13.159277541021883,0.2332957012022554,1.8048586489853127,313.41199537512523,7.443738741493349
call,0.0,0.02,1.15,91,0.4,15.307940723791148,15.397283268926442,0.0893425451352936,0.5836352958725537,60.848689844431384,14.682739326633154
call,0.0,0.02,1.15,365,0.2,14.175456033275104,14.686738717605838,0.5112826843307339,3.6068164800522955,166.90813687269846,30.632579927525725
call,0.0,0.02,1.15,365,0.4,20.835510095711022,21.12958784227739,0.2940777465663693,1.4114257112759867,85.19137716761306,34.51966106707897
call,0.0,0.02,1.15,730,0.2,15.482355338608137,16.356260973194065,0.8739056345859275,5.644526401010065,182.15099819824073,47.976988500212784
call,0.0,0.02,1.15,730,0.4,25.249911599998036,25.85485181686568,0.604940216867643,2.3958112267913445,124.0073892695561,48.782594362395486
call,0.0,0.04,0.85,30,0.2,0.003459114381449746,0.0034726597340997666,1.354535265002052e-5,0.3915844102369214,0.7159363288980662,0.18919772755307523
call,0.0,0.04,0.85,30,0.4,0.4107805436910059,0.4118727468447351,0.0010922031537292098,0.265884830843103,2.5122801660679444,4.347457614325931
call,0.0,0.04,0.85,91,0.2,0.18419541340532497,0.1863611502620854,0.002165736856760442,1.1757821851919315,4.483302137514033,4.830673441878114
call,0.0,0.04,0.85,91,0.4,2.305970122856312,2.3221639347365755,0.016193811880263365,0.702255927765653,10.991838533259852,14.732578022560128
call,0.0,0.04,0.85,365,0.2,1.7239937424114835,1.8005238776577706,0.07653013524628705,4.439119085156215,30.278943095245808,25.27503519708496
call,0.0,0.04,0.85,365,0.4,8.244645699830642,8.44043283525249,0.195787135421849,2.374718605868907,53.532582690135456,36.573452201088564
call,0.0,0.04,0.85,730,0.2,3.1791703861936504,3.45441864592257,0.27524825972891964,8.6578643574517,68.29183976151315,40.30470707629695
call,0.0,0.04,0.85,730,0.4,12.759314580390669,13.335686893636414,0.576372313245745,4.517267049215565,111.85163721495313,51.530073908358624
call,0.0,0.04,1.0,30,0.2,2.1230349332277854,2.145993688348521,0.022958755120735752,1.0814120277253325,20.147927042726366,11.395095421999818
call,0.0,0.04,1.0,30,0.4,4.402678509069304,4.423257161203733,0.020578652134428665,0.46741210133871103,18.05921878872441,11.395095421999818
call,0.0,0.04,1.0,91,0.2,3.4861143720010546,3.5674830839848095,0.08136871198375495,2.3340803915463257,41.3090815183429,19.69753598797009
call,0.0,0.04,1.0,91,0.4,7.428897131012,7.503862149588633,0.0749650185766324,1.0091002372840814,38.05806910184904,19.69753598797009
call,0.0,0.04,1.0,365,0.2,6.003997632506753,6.404037782795729,0.40004015028897655,6.662896536185912,104.89064780581147,38.138781546052414
call,0.0,0.04,1.0,365,0.4,13.657230720516083,14.057189921310833,0.39995920079475056,2.92855271306156,104.86942282406204,38.138781546052414
call,0.0,0.04,1.0,730,0.2,7.396337485348852,8.274043021009943,0.8777055356610912,11.866758884376324,170.2198788831027,51.56304548094816
call,0.0,0.04,1.0,730,0.4,17.77797309922748,18.721759192705605,0.9437860934781241,5.308738449599382,183.0353666419568,51.56304548094816
call,0.0,0.04,1.15,30,0.2,12.730659567049372,13.043478260869563,0.3128186938201907,2.4572072811518417,4993.286153433884,0.6264786038850692
call,0.0,0.04,1.15,30,0.4,13.3258173899182,13.434637432001264,0.10882004208306384,0.8166106355726658,207.8287110591117,5.236044698949834
call,0.0,0.04,1.15,91,0.2,12.472961808065534,13.058577389113005,0.5856155810474704,4.6950803671088535,738.2092538035823,7.932921160634583
call,0.0,0.04,1.15,91,0.4,14.923380877321058,15.134980466956499,0.21159958963544057,1.4179065144481218,142.1049806236739,14.890371097956386
call,0.0,0.04,1.15,365,0.2,12.735803611110782,13.98609123326403,1.2502876221532482,9.817108211864156,390.24270937233166,32.03871826751657
call,0.0,0.04,1.15,365,0.4,19.51101139006346,20.201438784270362,0.6904273942069032,3.538655072276382,199.2671965230532,34.64832176363899
call,0.0,0.04,1.15,730,0.2,12.980674744979048,15.048902645264615,2.0682279002855672,15.933130911284577,422.6016733739515,48.94036229845771
call,0.0,0.04,1.15,730,0.4,22.74761326148542,24.14222579164469,1.3946125301592716,6.13080816052261,288.7649898469775,48.29576227015281
call,0.0,0.08,0.85,30,0.2,0.0028315912545483213,0.002858040472462983,2.644921791466158e-5,0.9340761267070873,1.6555169369259926,0.1597641034332949
call,0.0,0.08,0.85,30,0.4,0.3844981384962427,0.3869148488918688,0.002416710395626076,0.6285363058135305,5.806091323924363,4.162370622156543
call,0.0,0.08,0.85,91,0.2,0.14280419760766438,0.14703868320801045,0.004234485600346061,2.9652388874308504,10.520494352454488,4.024987285277267
call,0.0,0.08,0.85,91,0.4,2.0945779018967556,2.13063986934365,0.03606196744689427,1.7216818440716946,25.716129338367583,14.02309304499066
call,0.0,0.08,0.85,365,0.2,1.135581341376728,1.27544068767883,0.13985934630210206,12.316101119849579,70.52195736699507,19.832028424037695
call,0.0,0.08,0.85,365,0.4,6.884687380921495,7.3088436202120945,0.42415623929059976,6.160864187762549,125.08507103504593,33.90942146659221
call,0.0,0.08,0.85,730,0.2,1.7816429451986835,2.2430117826840537,0.46136883748537016,25.895695808675047,158.03769236914167,29.193594930993612
call,0.0,0.08,0.85,730,0.4,9.816058404630077,11.01047126502346,1.194412860393383,12.167947776573923,258.90449335263776,46.133338395427046
call,0.0,0.08,1.0,30,0.2,1.966936229453296,2.020629176754688,0.05369294730139185,2.729775703827248,47.43019525093118,11.320414562353655
call,0.0,0.08,1.0,30,0.4,4.237231780690088,4.2851306116351395,0.04789883094505143,1.130427444713692,42.15569831277432,11.362362115239065
call,0.0,0.08,1.0,91,0.2,3.0339128081845104,3.221359383163279,0.1874465749787686,6.178377126498121,97.07953768763173,19.30855661693679
call,0.0,0.08,1.0,91,0.4,6.92786901829998,7.102257432218808,0.17438841391882853,2.5172013711313133,89.30903374635827,19.526402492954922
call,0.0,0.08,1.0,365,0.2,4.417467321901292,5.274032013862598,0.8565646919613066,19.39040245333696,243.29708916060315,35.20653267642995
call,0.0,0.08,1.0,365,0.4,11.697991480364209,12.598976071319758,0.9009845909555487,7.702045196971687,244.65317503435347,36.827014030332336
call,0.0,0.08,1.0,730,0.2,4.630320740903471,6.360771950309691,1.7304512094062199,37.3721672047404,393.8292020996785,43.93912894677224
call,0.0,0.08,1.0,730,0.4,14.02680720064399,16.05894316526152,2.032135964617531,14.487516193451585,422.683033390361,48.07706494196539
call,0.0,0.08,1.15,30,0.2,12.406342673204648,13.043478260869563,0.6371355876649147,5.1355633521312205,8901.914425100258,0.7157287266977284
call,0.0,0.08,1.15,30,0.4,13.03425431332748,13.298021650338148,0.2637673370106679,2.023647311691369,487.8570098133744,5.406652599120588
call,0.0,0.08,1.15,91,0.2,11.585738414185869,13.043478260869563,1.457739846683694,12.582191955057441,1630.0883340456965,8.942704614453298
call,0.0,0.08,1.15,91,0.4,14.171130668912468,14.681418734246225,0.5102880653337571,3.600898737411177,333.82979458260047,15.285875425582935
call,0.0,0.08,1.15,365,0.2,10.132647646922287,13.200393667884677,3.0677460209623906,30.275858076385344,901.9656246169111,34.011784232523766
call,0.0,0.08,1.15,365,0.4,17.04242918596826,18.65004709084035,1.6076179048720896,9.433032623047119,464.00907816303373,34.646259750703386
call,0.0,0.08,1.15,730,0.2,8.834956184651979,13.534665393012109,4.6997092083601295,53.19448235096434,979.9255554408109,47.95985962674488
call,0.0,0.08,1.15,730,0.4,18.312324874835703,21.41515039784988,3.102825523014179,16.94391915948366,665.3872637457617,46.63187427945329
call,0.02,0.0,0.85,30,0.2,0.004637785603518352,0.004637790925672585,5.3221542329479066e-9,0.00011475636624751204,0.00021999233170940288,0.24192453398685568
call,0.02,0.0,0.85,30,0.4,0.452327824595951,0.4523278577118709,3.311591989518803e-8,7.321221046874432e-6,7.1588415776174e-5,4.625876901470649
call,0.02,0.0,0.85,91,0.2,0.2645158782848158,0.2645159105542508,3.226943495748813e-8,1.2199432097131885e-5,5.202417067198879e-5,6.202777389945566
call,0.02,0.0,0.85,91,0.4,2.6417835824345985,2.64178356316405,-1.9270548712313484e-8,-7.294522095013647e-7,1.226474805297193e-5,15.712143966662197
call,0.02,0.0,0.85,365,0.2,2.9952064457531193,2.9952064136822596,-3.207085974565871e-8,-1.070739540879786e-6,9.698171504319894e-6,33.06897566347766
call,0.02,0.0,0.85,365,0.4,10.462739243803973,10.462739076146693,-1.6765728005907476e-7,-1.602422426405793e-6,4.25419123548659e-5,39.40990679040273
call,0.02,0.0,0.85,730,0.2,6.559736428584266,6.559736322693391,-1.0589087473533709e-7,-1.6142550221059819e-6,1.958467780585715e-5,54.068224039748316
call,0.02,0.0,0.85,730,0.4,17.743341767498308,17.7433415045657,-2.6293260901866233e-7,-1.4818663387316023e-6,4.6706001009112935e-5,56.29525186011126
call,0.02,0.0,1.0,30,0.2,2.3683354165525543,2.3683353873030386,-2.9249515698381856e-8,-1.2350242070423727e-6,2.561582380744073e-5,11.418534074194262
call,0.02,0.0,1.0,30,0.4,4.651260363344782,4.651260304917997,-5.8426785187748465e-8,-1.2561495298821112e-6,5.121571171902378e-5,11.407980720503426
call,0.02,0.0,1.0,91,0.2,4.226036775028518,4.2260367244014,-5.062711849745938e-8,-1.1979810208139453e-6,2.554255887666474e-5,19.820691709831575
call,0.02,0.0,1.0,91,0.4,8.186060684697942,8.186060583790384,-1.0090755786507088e-7,-1.2326754192489141e-6,5.105320318616461e-5,19.7651766329163
call,0.02,0.0,1.0,365,0.2,8.916037278572539,8.916037179911406,-9.866113259704434e-8,-1.1065580987884792e-6,2.5230271302099022e-5,39.104269397545586
call,0.02,0.0,1.0,365,0.4,16.704417199646805,16.704417005130328,-1.9451647759183288e-7,-1.164461323415376e-6,5.0305796919638746e-5,38.66681168028492
call,0.02,0.0,1.0,730,0.2,13.09565750290777,13.095657368391194,-1.345165756561073e-7,-1.0271845886794088e-6,2.4815470780220643e-5,54.206739355243165
call,0.02,0.0,1.0,730,0.4,23.847285309173003,23.847285047770278,-2.6140272524344255e-7,-1.0961529660690241e-6,4.932061148982884e-5,53.000706468805724
call,0.02,0.0,1.15,30,0.2,13.19818339795907,13.198183406316552,8.357481817711232e-9,6.332297078856784e-8,0.00016418125531015115,0.509039951115205
call,0.02,0.0,1.15,30,0.4,13.745566658199351,13.745566679926,2.1726648924413894e-8,1.5806295560360735e-7,4.367775212032979e-5,4.974305652121973
call,0.02,0.0,1.15,91,0.2,13.78088482143714,13.780884847300547,2.5863405639370285e-8,1.8767594370383191e-7,3.99569591547874e-5,6.472816296950738
call,0.02,0.0,1.15,91,0.4,16.013762052132,16.013762026173367,-2.5958634353173693e-8,-1.6210203616530992e-7,1.8308350272532037e-5,14.178576423742207
call,0.02,0.0,1.15,365,0.2,16.98301537515424,16.983015360166114,-1.4988124519277335e-8,-8.825361214242682e-8,5.626801019681908e-6,26.637026023935423
call,0.02,0.0,1.15,365,0.4,23.201682004064253,23.201681869041458,-1.3502279472277223e-7,-5.81952613173132e-7,4.0505596301677563e-5,33.334355509088056
call,0.02,0.0,1.15,730,0.2,20.544618678427533,20.544618624875838,-5.3551694634279556e-8,-2.6066044579601004e-7,1.2836247283246704e-5,41.71912043496765
call,0.02,0.0,1.15,730,0.4,29.657744080390053,29.657743876276797,-2.0411325607483377e-7,-6.882292042225665e-7,4.3329210670192884e-5,47.10754082932043
call,0.02,0.02,0.85,30,0.2,0.004206643379856323,0.004206821679554011,1.7829969768765747e-7,0.004238526577780579,0.007997232237408563,0.222951756801093
call,0.02,0.02,0.85,30,0.4,0.4378608955824177,0.43789828417152316,3.738858910545817e-5,0.008538919433699598,0.08254294783363197,4.529592180402389
call,0.02,0.02,0.85,91,0.2,0.23452812941988022,0.23458964523646852,6.151581658830896e-5,0.026229611237028206,0.1077041694819662,5.711553868730129
call,0.02,0.02,0.85,91,0.4,2.521640868076659,2.5227272617454717,0.0010863936688125797,0.04308280701530702,0.7071667407422305,15.362623921938393
call,0.02,0.02,0.85,365,0.2,2.49237772818158,2.4977165319460575,0.005338803764477262,0.2142052428133521,1.7598887903629428,30.336029149752346
call,0.02,0.02,0.85,365,0.4,9.61503016128017,9.64235286476625,0.027322703486079902,0.2841665915527621,7.137415379914504,38.28094909954251
call,0.02,0.02,0.85,730,0.2,5.152887926785059,5.182416505993526,0.029528579208466965,0.5730491256170238,5.983205622241023,49.352439265503584
call,0.02,0.02,0.85,730,0.4,15.734123065789163,15.846019912350242,0.11189684656107879,0.7111730732828514,20.64281254524518,54.20620194841272
call,0.02,0.02,1.0,30,0.2,2.2833940168539897,2.2838744143072582,0.0004803974532685551,0.021038745381773236,0.42089020738457017,11.413842490034765
call,0.02,0.02,1.0,30,0.4,4.564912170999456,4.565873237124626,0.0009610661251695518,0.021053332225647904,0.8430567819362382,11.399779300301493
call,0.02,0.02,1.0,91,0.2,3.962491758753764,3.965439053859545,0.0029472951057814,0.07437984190807122,1.4888337225133554,19.795999118061093
call,0.02,0.02,1.0,91,0.4,7.915118780490033,7.92101802345551,0.005899242965476503,0.07453132579662027,2.9911831103725115,19.722105761495264
call,0.02,0.02,1.0,365,0.2,7.807838651924229,7.837195384792049,0.02935673286782059,0.375990516409886,7.54492656639079,38.90923604027037
call,0.02,0.02,1.0,365,0.4,15.538052407777535,15.59692181136102,0.05886940358348447,0.3788724740947426,15.358590084339077,38.32995298410413
call,0.02,0.02,1.0,730,0.2,10.805318200664281,10.89860508413193,0.09328688346764835,0.863342307327084,17.38242022191391,53.66737328674297
call,0.02,0.02,1.0,730,0.4,21.397029578530585,21.58445605222094,0.1874264736903548,0.8759462289027975,35.987313663598684,52.08126270340024
call,0.02,0.02,1.15,30,0.2,13.035012560051527,13.049457858843304,0.014445298791777361,0.11081921651573966,264.73064505033216,0.5456602422825259
call,0.02,0.02,1.15,30,0.4,13.597694172615078,13.604414546097708,0.006720373482629327,0.04942289036154194,13.285749114085133,5.058332371717451
call,0.02,0.02,1.15,91,0.2,13.318412518242411,13.34522621345791,0.026813695215498257,0.20132801246973822,38.67727314811583,6.932674677662608
call,0.02,0.02,1.15,91,0.4,15.620011962385568,15.639154602842183,0.0191426404566144,0.12255202174436004,13.296256981164785,14.397014500946762
call,0.02,0.02,1.15,365,0.2,15.395039280887197,15.49146600231366,0.09642672142646269,0.6263493042604679,33.92612187790711,28.422559399356622
call,0.02,0.02,1.15,365,0.4,21.78160804830481,21.887987616295568,0.1063795679907571,0.48839170989965663,31.635813465926354,33.626310290814615
call,0.02,0.02,1.15,730,0.2,17.564804247882684,17.783479202856327,0.2186749549736433,1.2449609565105348,49.36940882745947,44.293614237490196
call,0.02,0.02,1.15,730,0.4,26.857744609963518,27.140100027384634,0.28235541742111536,1.0512998076404707,59.940258965478584,47.106139061516636
call,0.02,0.04,0.85,30,0.2,0.003812846439602502,0.0038195766571039293,6.730217501427389e-6,0.17651425537423507,0.32782658487530103,0.20529810003015575
call,0.02,0.04,0.85,30,0.4,0.4237897241080404,0.4243368328776966,0.0005471087696561905,0.1290991117841997,1.2337829998189003,4.434400293540253
call,0.02,0.04,0.85,91,0.2,0.2075313718540741,0.20864039437394727,0.0011090225198731596,0.5343878903537388,2.1139794798808382,5.246136636745752
call,0.02,0.04,0.85,91,0.4,2.4059162617691108,2.4146991965671294,0.008782934798018616,0.36505571443124024,5.850796603845515,15.011519614689586
call,0.02,0.04,0.85,365,0.2,2.0595575354674445,2.103278036578743,0.04372050111129866,2.1228103783648704,15.868334710381022,27.552041162011047
call,0.02,0.04,0.85,365,0.4,8.82200061526774,8.946692424873472,0.12469180960573212,1.4134187362210677,33.61736567532446,37.091487420520096
call,0.02,0.04,0.85,730,0.2,3.9944941894994344,4.1664817136851795,0.17198752418574514,4.305614579133924,38.950020771056316,44.15595185344515
call,0.02,0.04,0.85,730,0.4,13.909915588158384,14.316070913942088,0.40615532578370406,2.9198978470398997,78.20552462619514,51.934352173332435
call,0.02,0.04,1.0,30,0.2,2.200466710456233,2.2111632433276625,0.010696532871429465,0.48610291719485743,9.383105224806037,11.399779300301494
call,0.02,0.04,1.0,30,0.4,4.479641986676654,4.49008832249009,0.010446335813435681,0.2331957742271628,9.172107010365997,11.389243280338526
call,0.02,0.04,1.0,91,0.2,3.7101018492323306,3.7499099766062027,0.03980812737387218,1.0729658912762465,20.184521802733737,19.722105761495264
call,0.02,0.04,1.0,91,0.4,7.6504290339698215,7.691715263629541,0.041286229659719176,0.5396590109704694,20.992784492596954,19.666866810488454
call,0.02,0.04,1.0,365,0.2,6.798564496167167,7.018052803527608,0.21948830736044123,3.2284507631601107,57.26286892432806,38.32995298410414
call,0.02,0.04,1.0,365,0.4,14.43272416201313,14.689598182536937,0.2568740205238065,1.7798027429908057,67.77471649933477,37.901157510017434
call,0.02,0.04,1.0,730,0.2,8.81486015098092,9.340228992353413,0.5253688413724937,5.960036034309978,100.87482793273247,52.08126270340025
call,0.02,0.04,1.0,730,0.4,19.144910600937024,19.8121812232497,0.6672706223126745,3.4853681807216996,131.036452016701,50.922519042840754
call,0.02,0.04,1.15,30,0.2,12.872199382059136,13.043478260869563,0.17127887881042625,1.3306108282408158,2930.6773730716245,0.5844344395743225
call,0.02,0.04,1.15,30,0.4,13.450479980655075,13.507232098529094,0.05675211787401935,0.421933774524345,110.35424766155093,5.1427216511025735
call,0.02,0.04,1.15,91,0.2,12.86168942275809,13.143014486100409,0.28132506334231877,2.1873103454397578,379.82437032081793,7.4067144007820795
call,0.02,0.04,1.15,91,0.4,15.231800704289086,15.350616817834673,0.11881611354558785,0.7800529684722747,81.32681740886736,14.60970899036225
call,0.02,0.04,1.15,365,0.2,13.894763197334491,14.562179557152351,0.6674163598178602,4.803366205952285,222.27937256767598,30.02601420492386
call,0.02,0.04,1.15,365,0.4,20.422939353485447,20.870262311542476,0.44732295805702904,2.1902966576683656,132.2027699946737,33.83612598094966
call,0.02,0.04,1.15,730,0.2,14.875283502538295,16.072884774120165,1.1976012715818705,8.050947542462056,259.80711703974225,46.0957838733369
call,0.02,0.04,1.15,730,0.4,24.25984840480786,25.249314748387075,0.9894663435792133,4.078617174636256,211.1095657290133,46.86980147784125
call,0.02,0.08,0.85,30,0.2,0.0031256496167010317,0.003146213528183885,2.0563911482853088e-5,0.6579084031996292,1.1842505528700216,0.17364493884352947
call,0.02,0.08,0.85,30,0.4,0.3968008888408976,0.398608297224629,0.0018074083837313903,0.45549504412932246,4.255371981900031,4.247356967661331
call,0.02,0.08,0.85,91,0.2,0.16153950366531467,0.16488639089317061,0.003346887227855949,2.0718692034551447,7.618669344673725,4.3930075928492505
call,0.02,0.08,0.85,91,0.4,2.187284506006943,2.2150724144349203,0.027787908427977293,1.2704295372487353,19.423377651759495,14.306424416074764
call,0.02,0.08,0.85,365,0.2,1.376533302589106,1.4942224254067709,0.11768912281766486,8.5496749403959,53.36067203059597,22.05540491510006
call,0.02,0.08,0.85,365,0.4,7.390933336988898,7.740891093273119,0.34995775628422177,4.734960259116561,101.25476661247728,34.56210191304689
call,0.02,0.08,0.85,730,0.2,2.303157730789252,2.713695925454625,0.410538194665373,17.82501429134377,123.32772753599022,33.28839368629146
call,0.02,0.08,0.85,730,0.4,10.769875192826785,11.80365181344451,1.0337766206177257,9.59877994970886,220.127816134002,46.96256196847099
call,0.02,0.08,1.0,30,0.2,2.040630382670386,2.0794016483537767,0.03877126568339051,1.8999651290428257,34.1786780683709,11.343699602960832
call,0.02,0.08,1.0,30,0.4,4.312324911815139,4.34785295205832,0.03552804024318057,0.8238720636712447,31.27139428531364,11.361194809233698
call,0.02,0.08,1.0,91,0.2,3.2383947251898064,3.3771132062028766,0.13871848101307016,4.283556909664238,71.39661316409385,19.429280306931034
call,0.02,0.08,1.0,91,0.4,7.1396238997315535,7.273172079593245,0.1335481798616911,1.8705212170449546,68.41496064766697,19.520318158108193
call,0.02,0.08,1.0,365,0.2,5.0637088076314285,5.739002136047354,0.6752933284159255,13.335943160835049,187.07331471229742,36.097790294381014
call,0.02,0.08,1.0,365,0.4,12.398589688681241,13.136447665128895,0.7378579764476534,5.951144404119196,200.60841071761294,36.78100902191491
call,0.02,0.08,1.0,730,0.2,5.658728608695849,7.096397002646407,1.437668393950558,25.40620859147181,311.23795846228643,46.19193626168076
call,0.02,0.08,1.0,730,0.4,15.194882551597289,16.93778914177291,1.7429065901756218,11.470352497014906,363.4309436079282,47.95702239531594
call,0.02,0.08,1.15,30,0.2,12.547669493989247,13.043478260869563,0.49580876688031594,3.9514012312631035,7413.482853179692,0.6687933009350123
call,0.02,0.08,1.15,30,0.4,13.158049891299441,13.35357337873274,0.19552348743329873,1.4859609824293616,368.046183863299,5.312471532266199
call,0.02,0.08,1.15,91,0.2,11.966324649838256,13.043478260869563,1.0771536110313065,9.001540928825342,1283.6622571790276,8.391254046827365
call,0.02,0.08,1.15,91,0.4,14.472094395234308,14.861972822313295,0.3898784270789868,2.6940014101025667,259.63394042061844,15.016466123318335
call,0.02,0.08,1.15,365,0.2,11.16256024068857,13.453720538470668,2.2911602977820973,20.52540141669834,704.5594071324609,32.51905055255826
call,0.02,0.08,1.15,365,0.4,17.885721132343647,19.194966092166638,1.3092449598229905,7.320056877412771,385.03007309367365,34.003706497608185
call,0.02,0.08,1.15,730,0.2,10.346427298128248,14.026955006851342,3.680527708723094,35.572933561220026,782.828060265124,47.01578667832362
call,0.02,0.08,1.15,730,0.4,19.63668613040555,22.278182927886593,2.641496797481043,13.451846100401509,577.8833520730151,45.709861479921855
call,0.04,0.0,0.85,30,0.2,0.005101064783079812,0.0051010704132245675,5.630144755790212e-9,0.00011037195164557317,0.00021500150338313686,0.26186536685546724
call,0.04,0.0,0.85,30,0.4,0.4664317148318844,0.46643174741306725,3.2581182862756464e-8,6.985198867641252e-6,6.909409832646446e-5,4.715479853114633
call,0.04,0.0,0.85,91,0.2,0.29627409984241115,0.29627413139264386,3.155023270418056e-8,1.0649001286633627e-5,4.7188126879278307e-5,6.686053206751716
call,0.04,0.0,0.85,91,0.4,2.7526938001636054,2.7526937767010407,-2.346256477991915e-8,-8.52349243440177e-7,1.4682709213508668e-5,15.979724476415203
call,0.04,0.0,0.85,365,0.2,3.50417966098232,3.50417961258226,-4.84000599598744e-8,-1.3812094310913985e-6,1.3835408357825877e-5,34.98274767762625
call,0.04,0.0,0.85,365,0.4,11.142283209991596,11.142283033029734,-1.7696186205284903e-7,-1.588201077981597e-6,4.460907177892856e-5,39.669478649954414
call,0.04,0.0,0.85,730,0.2,7.921084881408291,7.921084754297422,-1.27110868497482e-7,-1.604715394425655e-6,2.2785825565133582e-5,55.78506169729681
call,0.04,0.0,0.85,730,0.4,19.16715502185322,19.167154751867812,-2.699854064758256e-7,-1.4085836221807812e-6,4.8304655301889734e-5,55.89221262184712
call,0.04,0.0,1.0,30,0.2,2.451262209184243,2.451262180088476,-2.9095767128950456e-8,-1.186970819357316e-6,2.553358796169186e-5,11.395095421999818
call,0.04,0.0,1.0,30,0.4,4.730905785025762,4.730905726714711,-5.831105021059102e-8,-1.232555727386431e-6,5.1172059602075314e-5,11.395095421999818
call,0.04,0.0,1.0,91,0.2,4.478418494628912,4.478418444772609,-4.985630219778159e-8,-1.1132568842678637e-6,2.5310933422449594e-5,19.69753598797009
call,0.04,0.0,1.0,91,0.4,8.421201253639857,8.421201153314442,-1.0032541553073315e-7,-1.1913432835650372e-6,5.093297739981542e-5,19.69753598797009
call,0.04,0.0,1.0,365,0.2,9.925053717274444,9.925053624612808,-9.266163658594451e-8,-9.33613451629667e-7,2.4295909001197634e-5,38.138781546052414
call,0.04,0.0,1.0,365,0.4,17.578286805283774,17.578286615203794,-1.9007998020015293e-7,-1.0813339337654775e-6,4.983902801683168e-5,38.138781546052414
call,0.04,0.0,1.0,730,0.2,15.084702846685275,15.084702728373486,-1.1831178881038795e-7,-7.843163369730275e-7,2.294507388127463e-5,51.56304548094816
call,0.04,0.0,1.0,730,0.4,25.466338460563897,25.466338211072497,-2.4949139998398095e-7,-9.796908981255114e-7,4.838569903249113e-5,51.56304548094816
call,0.04,0.0,1.15,30,0.2,13.339760052354123,13.339760060365272,8.011149077447044e-9,6.00546714933848e-8,0.00016911582597108743,0.4737078290246269
call,0.04,0.0,1.15,30,0.4,13.871270767978146,13.871270790399043,2.2420897138886176e-8,1.6163549478570384e-7,4.591964913889315e-5,4.882636857931927
call,0.04,0.0,1.15,91,0.2,14.178032756188742,14.178032782896466,2.670772403234878e-8,1.883739760771169e-7,4.4524538083214476e-5,5.998428098778515
call,0.04,0.0,1.15,91,0.4,16.331387489927224,16.33138746768853,-2.2238694441512052e-8,-1.361714946462957e-7,1.6015949342810362e-5,13.885342645326928
call,0.04,0.0,1.15,365,0.2,18.287433726607475,18.287433725802448,-8.050271560477995e-10,-4.4020783237427e-9,3.3230056364415824e-7,24.22587392628853
call,0.04,0.0,1.15,365,0.4,24.19532904520822,24.195328922884563,-1.2232365520503663e-7,-5.055672314952968e-7,3.7859699823592235e-5,32.30972664205086
call,0.04,0.0,1.15,730,0.2,22.882282278116534,22.882282253669572,-2.4446961788271437e-8,-1.0683795213754217e-7,6.606225505201837e-6,37.0059450271892
call,0.04,0.0,1.15,730,0.4,31.387164770043015,31.387164588922992,-1.8112002209136335e-7,-5.770512354917463e-7,4.0216693154699805e-5,45.03603053454864
call,0.04,0.02,0.85,30,0.2,0.004630168109031607,0.00463017342244389,5.31341228307558e-9,0.0001147563578244867,0.00021999231556214298,0.24152717650606567
call,0.04,0.02,0.85,30,0.4,0.45158488281195375,0.4515849158734533,3.3061499538078465e-8,7.321214858258605e-6,7.158835526260648e-5,4.618278966851448
call,0.04,0.02,0.85,91,0.2,0.26320020529557375,0.26320023740457443,3.210900068051359e-8,1.219945882810205e-5,5.2024284665537265e-5,6.171925454995008
call,0.04,0.02,0.85,91,0.4,2.628643640419135,2.6286436426134507,2.1943158401427354e-9,8.34771136871506e-8,1.4035542756969085e-6,15.633993484528336
call,0.04,0.02,0.85,365,0.2,2.935897384407049,2.935897476263643,9.185659388677436e-8,3.128739933985338e-6,2.8338410335787703e-5,32.414166072954174
call,0.04,0.02,0.85,365,0.4,10.255563125931175,10.256815289310989,0.0012521633798137088,0.012209601407918944,0.32414660730166195,38.62953835109564
call,0.04,0.02,0.85,730,0.2,6.302525484206534,6.302625675451437,0.00010019124490323605,0.0015896999568554666,0.019286767602792843,51.94817865111194
call,0.04,0.02,0.85,730,0.4,17.047615385482686,17.0702766712544,0.022661285771715,0.13292935850144047,4.189715759130636,54.08788346161508
call,0.04,0.02,1.0,30,0.2,2.364445460543223,2.3644454313415952,-2.9201627782526884e-8,-1.235030719457488e-6,2.5615958882427295e-5,11.399779300301493
call,0.04,0.02,1.0,30,0.4,4.64362073676363,4.643620678432626,-5.8331004026968e-8,-1.2561534917173659e-6,5.121587325091735e-5,11.389243280338526
call,0.04,0.02,1.0,91,0.2,4.205016931257703,4.205016880883042,-5.0374660887086975e-8,-1.1979657088329518e-6,2.5542232404734726e-5,19.722105761495264
call,0.04,0.02,1.0,91,0.4,8.145344115995194,8.145344900379417,7.843842233512532e-7,9.6298475814047e-6,0.0003988353767326764,19.666866810488454
call,0.04,0.02,1.0,365,0.2,8.739487911610368,8.739492606172552,4.694562184326401e-6,5.371667346881614e-5,0.0012247764003971747,38.32995298410413
call,0.04,0.02,1.0,365,0.4,16.37364757745634,16.377692305712415,0.004044728256076269,0.02470267078207519,1.0671780287995771,37.90115751001743
call,0.04,0.02,1.0,730,0.2,12.582169427549665,12.582914788442242,0.0007453608925764854,0.005923945762043692,0.1431149810674277,52.08126270340024
call,0.04,0.02,1.0,730,0.4,22.912219877505763,22.956899805633483,0.044679928127720814,0.19500479816704996,8.774100136352624,50.922519042840754
call,0.04,0.02,1.15,30,0.2,13.17650557628636,13.176505584630734,8.344374080593298e-9,6.332767084780501e-8,0.0001641934414349645,0.5082038604994115
call,0.04,0.02,1.15,30,0.4,13.722989767590846,13.722989789459703,2.186885694754892e-8,1.5935927460352636e-7,4.403596571776072e-5,4.96613542841612
call,0.04,0.02,1.15,91,0.2,13.712340210637251,13.712340236381207,2.5743956300061654e-8,1.8774298117319873e-7,3.9971231700178474e-5,6.440621218071373
call,0.04,0.02,1.15,91,0.4,15.934111354696533,15.934125291088556,1.3936392022628752e-5,8.746262475767776e-5,0.009878323602213185,14.108053738497064
call,0.04,0.02,1.15,365,0.2,16.64672913947441,16.646800919934787,7.178046037736863e-5,0.0004311985842741655,0.027492003724036478,26.109577569499017
call,0.04,0.02,1.15,365,0.4,22.742257918869,22.752323994720477,0.010066075851476342,0.044261549963007976,3.0807327502364172,32.67429104554384
call,0.04,0.02,1.15,730,0.2,19.739052657644727,19.742465057906536,0.003412400261808557,0.01728755843045472,0.8513273821013689,40.083290324640785
call,0.04,0.02,1.15,730,0.4,28.494847301521084,28.571445757600475,0.07659845607939175,0.26881511337420944,16.923935525055402,45.26042773324794
call,0.04,0.04,0.85,30,0.2,0.004199734030116337,0.004200110428651809,3.763985354727009e-7,0.008962437448979937,0.01691028530255705,0.2225855618271471
call,0.04,0.04,0.85,30,0.4,0.43714171551606285,0.43722271815374214,8.100263767929494e-5,0.018530063547851562,0.17912407777824688,4.522152392018179
call,0.04,0.04,0.85,91,0.2,0.23336161220701523,0.23349607604805664,0.00013446384104140452,0.05762037713474552,0.2366010997438847,5.683145225738957
call,0.04,0.04,0.85,91,0.4,2.509098502755492,2.511490644438121,0.00239214168262869,0.09533869156598036,1.5649015570733158,15.286211914201694
call,0.04,0.04,0.85,365,0.2,2.4430253425428887,2.454897379955063,0.01187203741217413,0.48595637570492006,3.9925688418079273,29.735335525982308
call,0.04,0.04,0.85,365,0.4,9.424639807891257,9.485668914593436,0.06102910670217909,0.6475484256817898,16.264480871751182,37.52293552029499
call,0.04,0.04,0.85,730,0.2,4.950840301190588,5.016510410496717,0.06567010930612849,1.3264437006852352,13.849397988314994,47.417302442702294
call,0.04,0.04,0.85,730,0.4,15.117179275933204,15.36688174031527,0.24970246438206622,1.651779474359986,47.94525458887196,52.08074636859304
call,0.04,0.04,1.0,30,0.2,2.2796435758415186,2.280695924639214,0.001052348797695224,0.046162865495618315,0.9235102987058083,11.395095421999818
call,0.04,0.04,1.0,30,0.4,4.5574143700513545,4.559519635055851,0.0021052650044968146,0.04619428547755888,1.8497977061850228,11.381055330848373
call,0.04,0.04,1.0,91,0.2,3.942782759010946,3.94931891721329,0.006536158202344211,0.16577525574814622,3.3182618406363362,19.69753598797009
call,0.04,0.04,1.0,91,0.4,7.875749847125206,7.88883176904936,0.013081921924153583,0.1661038272937113,6.666283706329991,19.624010168861556
call,0.04,0.04,1.0,365,0.2,7.65323308800933,7.7191462566746605,0.0659131686653307,0.8612460630344564,17.282452661929128,38.138781546052414
call,0.04,0.04,1.0,365,0.4,15.230378355874372,15.36250779276005,0.13212943688567869,0.8675387688889307,35.167960843482525,37.57096906292918
call,0.04,0.04,1.0,730,0.2,10.381635613878622,10.59086737126477,0.20923175738614752,2.0154026318014613,40.5778509462665,51.56304548094816
call,0.04,0.04,1.0,730,0.4,20.558040048282074,20.978037161911914,0.41999711362984016,2.0429822718675807,83.93374090891673,50.03912718314472
call,0.04,0.04,1.15,30,0.2,13.013602744074717,13.045813854235584,0.03221111016086731,0.2475187755022989,591.2855835024351,0.544764003378321
call,0.04,0.04,1.15,30,0.4,13.575360160384307,13.590212040959948,0.014851880575641019,0.10940321582761289,29.40952394987415,5.050024135363325
call,0.04,0.04,1.15,91,0.2,13.252168193994422,13.31240222134225,0.060234027347828345,0.45452205605966445,87.31856783568678,6.898192313595291
call,0.04,0.04,1.15,91,0.4,15.542319734743856,15.585037538238929,0.042717803495072815,0.2748483123763045,29.81961244032253,14.325405328645102
call,0.04,0.04,1.15,365,0.2,15.090197078631014,15.308658671304123,0.21846159267310838,1.447705364845555,78.4147572560019,27.85975501523181
call,0.04,0.04,1.15,365,0.4,21.35030331143612,21.59009892775802,0.23979561632189927,1.1231485231099956,72.75249856091688,32.96046473525777
call,0.04,0.04,1.15,730,0.2,16.87607842214355,17.370451035679203,0.49437261353565276,2.929428278118057,116.1676127567035,42.55683678126757
call,0.04,0.04,1.15,730,0.4,25.80463738070319,26.439714469127473,0.635077088424282,2.461096736430775,140.3203678423997,45.25908092954592
call,0.04,0.08,0.85,30,0.2,0.0034477606245433,0.0034618496066472137,1.4088982103913593e-5,0.40864153977568723,0.7471219899823128,0.18857672900575626
call,0.04,0.08,0.85,30,0.4,0.40943224990228977,0.4106503773602263,0.0012181274579365353,0.2975162455393387,2.811157599255985,4.3331880726250676
call,0.04,0.08,0.85,91,0.2,0.18236763472441275,0.1847218384873178,0.002354203762905044,1.2909109483503638,4.9222924849254435,4.782738470163668
call,0.04,0.08,0.85,91,0.4,2.283087886260642,2.30283322722563,0.019745340964988145,0.8648524256912455,13.536828729295676,14.586386043472901
call,0.04,0.08,0.85,365,0.2,1.656394980873646,1.7465749075477128,0.09017992667406682,5.444349186961584,37.135552360802826,24.28398689156249
call,0.04,0.08,0.85,365,0.4,7.9213685179499045,8.197336055413782,0.2759675374638775,3.4838366229084294,78.53510375244154,35.13938662814819
call,0.04,0.08,0.85,730,0.2,2.934744151443674,3.272185331471796,0.3374411800281223,11.498146435086225,90.6955273818175,37.20593393845483
call,0.04,0.08,0.85,730,0.4,11.778331857847963,12.648199716999452,0.8698678591514888,7.38532306314575,182.86731047208113,47.56825355531731
call,0.04,0.08,1.0,30,0.2,2.1160665534988468,2.14093693433011,0.02487038083126336,1.1753118440505097,21.897386638274327,11.35769361070355
call,0.04,0.08,1.0,30,0.4,4.388227717329862,4.412231257079032,0.024003539749170244,0.5469984990609343,21.134167351150573,11.35769361070355
call,0.04,0.08,1.0,91,0.2,3.4515215153681638,3.5438682842282403,0.09234676886007653,2.6755379750320394,47.35227489006859,19.50207652630536
call,0.04,0.08,1.0,91,0.4,7.355179878515187,7.450357391906046,0.09517751339085834,1.294020200224826,48.80378418291931,19.50207652630536
call,0.04,0.08,1.0,365,0.2,5.768577518008044,6.258914007158884,0.49033648915083994,8.500128283274917,133.81326833203127,36.64333853158467
call,0.04,0.08,1.0,365,0.4,13.121723044338538,13.702420354179798,0.5806973098412609,4.425465374319168,158.47281746468863,36.64333853158467
call,0.04,0.08,1.0,730,0.2,6.827680036117751,7.943394564748177,1.1157145286304253,16.341048829593742,234.4002587141556,47.59869015294079
call,0.04,0.08,1.0,730,0.4,16.41113757351877,17.86988348748155,1.4587459139627832,8.888755623599398,306.467658936757,47.59869015294079
call,0.04,0.08,1.15,30,0.2,12.688874069941164,13.043478260869563,0.35460419092839857,2.794607220260976,5678.915915744106,0.6244223302290872
call,0.04,0.08,1.15,30,0.4,13.282078422500334,13.415733195412813,0.13365477291247885,1.0062790525770628,256.09962612869407,5.218858572066608
call,0.04,0.08,1.15,91,0.2,12.349192093830297,13.049748884115123,0.7005567902848266,5.672895724367487,891.9515305697771,7.854202456912789
call,0.04,0.08,1.15,91,0.4,14.775295553639936,15.054921725697353,0.2796261720574176,1.8925250668744211,189.67205187196876,14.742613331676777
call,0.04,0.08,1.15,365,0.2,12.236425608673272,13.831088476571125,1.5946628678978527,13.032097108223692,518.0426633344438,30.78246215540654
call,0.04,0.08,1.15,365,0.4,18.745973690753672,19.775550325571864,1.0295766348181914,5.492254773226441,309.27744832365295,33.289741634855936
call,0.04,0.08,1.15,730,0.2,11.98267304421833,14.705176284810062,2.722503240591731,22.720333188973605,602.6217244266561,45.17764843579053
call,0.04,0.08,1.15,730,0.4,20.998693642958607,23.20023358516795,2.201539942209344,10.48417572846288,493.81138970843944,44.582607612781
call,0.08,0.0,0.85,30,0.2,0.006157871320546016,0.006157877599689856,6.2791438402987065e-9,0.00010196939028829752,0.00020516200190448067,0.3060578363444782
call,0.08,0.0,0.85,30,0.4,0.4957386051583441,0.4957386365816927,3.142334858985407e-8,6.3386930658380185e-6,6.416979343261238e-5,4.896906614301815
call,0.08,0.0,0.85,91,0.2,0.3695305000365394,0.3695305293197377,2.9283198255125598e-8,7.924433369432309e-6,3.797779079968362e-5,7.710611291104786
call,0.08,0.0,0.85,91,0.4,2.984829344490578,2.984829312668012,-3.182256591571786e-8,-1.0661435627620121e-6,1.928902628084801e-5,16.497756523518426
call,0.08,0.0,0.85,365,0.2,4.701692441162997,4.701692364292262,-7.687073555473489e-8,-1.634958826352333e-6,2.023343429310152e-5,37.991936732630485
call,0.08,0.0,0.85,365,0.4,12.578455155127322,12.578454964393915,-1.907334077344558e-7,-1.5163500237682816e-6,4.781072326285852e-5,39.89343701952025
call,0.08,0.0,0.85,730,0.2,11.134812107072356,11.134811964800635,-1.422717215149305e-7,-1.277720002339021e-6,2.543939107348761e-5,55.92575746170397
call,0.08,0.0,0.85,730,0.4,22.172452884092117,22.172452614711354,-2.6938076302940317e-7,-1.2149344253322263e-6,4.9633010863503785e-5,54.274515759325936
call,0.08,0.0,1.0,30,0.2,2.622313449919403,2.6223134213458175,-2.857358571972668e-8,-1.0896327332876583e-6,2.5240759127981855e-5,11.320414562353657
call,0.08,0.0,1.0,30,0.4,4.892609001156195,4.8926089431694315,-5.798676383506063e-8,-1.1851910467678392e-6,5.103407482260178e-5,11.362362115239065
call,0.08,0.0,1.0,91,0.2,5.008674378722375,5.008674331649619,-4.7072756359511914e-8,-9.398246482040093e-7,2.4379220722392757e-5,19.308556616936787
call,0.08,0.0,1.0,91,0.4,8.902630588837845,8.902630490295035,-9.854280946797189e-8,-1.1068954112453602e-6,5.046644383343317e-5,19.526402492954922
call,0.08,0.0,1.0,365,0.2,12.105832683237715,12.105832610869616,-7.236809906885355e-8,-5.977953021691577e-7,2.055530424820917e-5,35.20653267642995
call,0.08,0.0,1.0,365,0.4,19.386356841700632,19.38635666503875,-1.7666188156795215e-7,-9.112691105940399e-7,4.7970731871567354e-5,36.827014030332336
call,0.08,0.0,1.0,730,0.2,19.41594184428233,19.415941776360935,-6.792139473077441e-8,-3.4982281712373446e-7,1.5458065819432658e-5,43.93912894677224
call,0.08,0.0,1.0,730,0.4,28.812428304022866,28.81242808939313,-2.1462973620600678e-7,-7.449206777758459e-7,4.464285339903545e-5,48.077064941965396
call,0.08,0.0,1.15,30,0.2,13.622444042311955,13.622444049554502,7.242547894747986e-9,5.316628845934173e-8,0.00017698411508901597,0.40922022245359546
call,0.08,0.0,1.15,30,0.4,14.123254756649544,14.123254780315804,2.3666260062782385e-8,1.6756944819422576e-7,5.033835367307779e-5,4.701437042713555
call,0.08,0.0,1.15,91,0.2,14.975124950930436,14.975124978634145,2.7703709548632105e-8,1.8499818625493882e-7,5.41826698272359e-5,5.113020387693472
call,0.08,0.0,1.15,91,0.4,16.972175414262793,16.972175399407263,-1.4855530139357143e-8,-8.752873321632712e-8,1.1176238968733588e-5,13.292065587463423
call,0.08,0.0,1.15,365,0.2,20.95746285730722,20.957462880882066,2.357484518711317e-8,1.1248902287279182e-7,1.2123019272718633e-5,19.446348023355423
call,0.08,0.0,1.15,365,0.4,26.218242202100456,26.218242106807836,-9.529262001706229e-8,-3.634592253840267e-7,3.163011355573434e-5,30.12718239191599
call,0.08,0.0,1.15,730,0.2,27.696661664956856,27.696661691291407,2.6334550540241253e-8,9.508203861825337e-8,9.603717326173691e-6,27.421205399777683
call,0.08,0.0,1.15,730,0.4,34.90225047726834,34.90225034706552,-1.3020282096931624e-7,-3.7304992998694074e-7,3.210963454254472e-5,40.54945589517679
call,0.08,0.02,0.85,30,0.2,0.0055974050255984675,0.005597410964939221,5.9393407535884846e-9,0.00010610882590104256,0.00021005493535197528,0.2827517831769256
call,0.08,0.02,0.85,30,0.4,0.48010983040506794,0.4801098623675068,3.1962438862276343e-8,6.657318146414474e-6,6.661704156507293e-5,4.797937301231661
call,0.08,0.02,0.85,91,0.2,0.32955349161811576,0.3295535220235426,3.040542684296099e-8,9.226249339271023e-6,4.2505578160912125e-5,7.15327920675636
call,0.08,0.02,0.85,91,0.4,2.852766069648684,2.8527660421301717,-2.7518512357715963e-8,-9.646256189910743e-7,1.7027780450821748e-5,16.160950886812696
call,0.08,0.02,0.85,365,0.2,3.991671281680226,3.991671219393229,-6.228699689359019e-8,-1.5604240053397266e-6,1.7343595420044703e-5,35.91354352143302
call,0.08,0.02,0.85,365,0.4,11.613040009207893,11.613042746761863,2.7375539701779417e-6,2.3573103752396922e-5,0.0007011755079029152,39.04235015802896
call,0.08,0.02,0.85,730,0.2,9.07701043276964,9.077010302597337,-1.3017230315881534e-7,-1.4340878433814499e-6,2.4014996467170643e-5,54.20458975988838
call,0.08,0.02,0.85,730,0.4,19.835180618595828,19.836168806556344,0.0009881879605160293,0.004981996279830121,0.1862738846057655,53.05026856595888
call,0.08,0.02,1.0,30,0.2,2.5317590772670044,2.531759048433325,-2.8833679444062454e-8,-1.1388792757953878e-6,2.5418232546052733e-5,11.343699602960834
call,0.08,0.02,1.0,30,0.4,4.8034536064117646,4.803453548326251,-5.808551328811973e-8,-1.2092448069152952e-6,5.1126236512476045e-5,11.3611948092337
call,0.08,0.02,1.0,91,0.2,4.715767255125179,4.715767206699958,-4.842522116632608e-8,-1.0268789477194129e-6,2.4923836807815927e-5,19.429280306931034
call,0.08,0.02,1.0,91,0.4,8.616996429666933,8.616996330615114,-9.905181919123152e-8,-1.1494935619354793e-6,5.074293276827978e-5,19.520318158108196
call,0.08,0.02,1.0,365,0.2,10.771941499643376,10.771941417569025,-8.2074350871153e-8,-7.619271871637088e-7,2.2736668976640573e-5,36.097790294381014
call,0.08,0.02,1.0,365,0.4,18.10682238069319,18.106838201513327,1.582082013840136e-5,8.73749120954026e-5,0.004301355661280248,36.78100902191491
call,0.08,0.02,1.0,730,0.2,16.523293627307027,16.523293619087887,-8.21913914705874e-9,-4.974274095980161e-8,1.7793450139211979e-6,46.191936261680745
call,0.08,0.02,1.0,730,0.4,26.059447570208476,26.061912596680287,0.002465026471810461,0.009459243006473068,0.5140074067757853,47.957022395315946
call,0.08,0.02,1.15,30,0.2,13.459039360121523,13.459039367726785,7.605262197785123e-9,5.6506723803179774e-8,0.00017294810113805835,0.4397424515065425
call,0.08,0.02,1.15,30,0.4,13.974179252959402,13.97417927596865,2.300924784037761e-8,1.646554507700679e-7,4.809824015866945e-5,4.783802435281058
call,0.08,0.02,1.15,91,0.2,14.503689275101834,14.503689302288915,2.7187081030888294e-8,1.8744941728419237e-7,4.9275295006096827e-5,5.517385746249604
call,0.08,0.02,1.15,91,0.4,16.568066538661967,16.568066520200667,-1.846130004423685e-8,-1.1142700327257244e-7,1.3652680291719176e-5,13.522106758358847
call,0.08,0.02,1.15,365,0.2,19.22560228315497,19.22560229511278,1.1957808965235017e-8,6.21973178739486e-8,5.592516509855817e-6,21.381803601583478
call,0.08,0.02,1.15,365,0.4,24.702264892917825,24.70232672733307,6.18344152449879e-5,0.00025031880887454945,0.02019423377382338,30.619837294911523
call,0.08,0.02,1.15,730,0.2,24.28230671201777,24.282307630819687,9.188019163275385e-7,3.783832925035932e-6,0.00029721567227096945,30.91364292155742
call,0.08,0.02,1.15,730,0.4,31.83771244646949,31.842855542762045,0.005143096292556493,0.016154101213156774,1.2495053806139405,41.16105758607817
call,0.08,0.04,0.85,30,0.2,0.005084321697097494,0.005084327308762919,5.611665425744872e-9,0.00011037195834693987,0.00021500151643721177,0.2610058532951641
call,0.08,0.04,0.85,30,0.4,0.46490075872009484,0.4649007911944173,3.247432245334636e-8,6.985216058315435e-6,6.909426836802732e-5,4.70000236204448
call,0.08,0.04,0.85,91,0.2,0.29333415973539534,0.2933341909725433,3.1237147979368274e-8,1.064899771903348e-5,4.7188111070437125e-5,6.6197072251400275
call,0.08,0.04,0.85,91,0.4,2.7253787061012567,2.72537873064436,2.4543103549490297e-8,9.00539198260634e-7,1.5512837355331242e-5,15.821157011651163
call,0.08,0.04,0.85,365,0.2,3.3667788111641777,3.366779145847006,3.346828285621939e-7,9.940742987106599e-6,9.957522408324219e-5,33.61105452119376
call,0.08,0.04,0.85,365,0.4,10.70538803620417,10.708206431207003,0.0028183950028335403,0.026326883185383947,0.739464188769344,38.11401614355476
call,0.08,0.04,0.85,730,0.2,7.312082935144041,7.31239299232542,0.0003100571813794417,0.004240340052616401,0.0602098347852816,51.49610233696169
call,0.08,0.04,0.85,730,0.4,17.693514114399406,17.74540318884935,0.05188907444994584,0.2932660754356155,10.056993750731888,51.59501510694452
call,0.08,0.04,1.0,30,0.2,2.443216498008482,2.4432164690083797,-2.9000102319542975e-8,-1.1869640837470431e-6,2.553344306824154e-5,11.357693610703548
call,0.08,0.04,1.0,30,0.4,4.715377661839497,4.715377603720379,-5.81191184068075e-8,-1.232544296020075e-6,5.117158500563508e-5,11.357693610703548
call,0.08,0.04,1.0,91,0.2,4.433978963278172,4.433978913915473,-4.936269881739008e-8,-1.1132822060322718e-6,2.5311509136376964e-5,19.50207652630536
call,0.08,0.04,1.0,91,0.4,8.337637326425195,8.337639169546033,1.8431208381741726e-6,2.210603275261938e-5,0.0009450895322290837,19.50207652630536
call,0.08,0.04,1.0,365,0.2,9.535886794576783,9.535900483626406,1.368904962362194e-5,0.00014355297958661936,0.0037357539384198536,36.64333853158467
call,0.08,0.04,1.0,365,0.4,16.889032320907276,16.8980072844639,0.00897496355662497,0.053140780277355984,2.4492756163276486,36.64333853158467
call,0.08,0.04,1.0,730,0.2,13.924935778160197,13.927089476150162,0.0021536979899643427,0.015466484185458092,0.4524700118940731,47.598690152940804
call,0.08,0.04,1.0,730,0.4,23.508393315561207,23.609646319858214,0.10125300429700701,0.43071001466520187,21.27222492292706,47.598690152940804
call,0.08,0.04,1.15,30,0.2,13.29597532131514,13.295975329302301,7.987161154687783e-9,6.007202150776669e-8,0.0001691646841521387,0.4721529907214268
call,0.08,0.04,1.15,30,0.4,13.825741473795873,13.825741496533668,2.27377956463215e-8,1.644598641556894e-7,4.6722035091807306e-5,4.86661071197829
call,0.08,0.04,1.15,91,0.2,14.037343552641545,14.037343579103533,2.6461988156256666e-8,1.8851136653471058e-7,4.4557012030989995e-5,5.938905449461468
call,0.08,0.04,1.15,91,0.4,16.169330458582344,16.16936062596664,3.016738429550969e-5,0.00018657163555895707,0.021943813363282487,13.747557817816345
call,0.08,0.04,1.15,365,0.2,17.570373193722467,17.570567550591832,0.0001943568693647535,0.0011061624430048714,0.08350110476453271,23.275963822613644
call,0.08,0.04,1.15,365,0.4,23.246616623451516,23.268706811391574,0.02209018794005857,0.09502538927653531,7.11603222975715,31.04284413958092
call,0.08,0.04,1.15,730,0.2,21.123008813562606,21.132327015957358,0.009318202394752007,0.04411399188911477,2.727747701293982,34.16079276808358
call,0.08,0.04,1.15,730,0.4,28.974004865957426,29.146195153461118,0.17219028750369247,0.5942923261740902,41.418284297699934,41.57349596280951
call,0.08,0.08,0.85,30,0.2,0.00418594935751182,0.004186754917764433,8.055602526129552e-7,0.019244386011678605,0.03631021803862722,0.22185497530088946
call,0.08,0.08,0.85,30,0.4,0.4357068971711566,0.43588359971331647,0.0001767025421598456,0.040555369517235894,0.3920355235140677,4.507309454407258
call,0.08,0.08,0.85,91,0.2,0.2310459553084545,0.2313415227994342,0.0002955674909796979,0.1279258451354861,0.5252897872213069,5.626751141369022
call,0.08,0.08,0.85,91,0.4,2.484200614871856,2.4895008815124164,0.0053002666405603804,0.21335904229432723,3.5021027876284005,15.13452620318344
call,0.08,0.08,0.85,365,0.2,2.3472329486966927,2.3735509922449998,0.026318043548307024,1.12123696810409,9.211970470892316,28.56939634301469
call,0.08,0.08,0.85,365,0.4,9.055094395236502,9.191116144173982,0.13602174893748042,1.5021571614873022,37.72969781163556,36.05164017389302
call,0.08,0.08,0.85,730,0.2,4.570201610378771,4.713772063885511,0.14357045350674014,3.1414468276562806,32.79984469213872,43.771686986417436
call,0.08,0.08,0.85,730,0.4,13.954915300871225,14.503299638456994,0.5483843375857695,3.929685890329504,114.06473648012188,48.07658830486465
call,0.08,0.08,1.0,30,0.2,2.272161163831015,2.274484063349074,0.002322899518059085,0.10223304381026044,2.045221149362554,11.35769361070355
call,0.08,0.08,1.0,30,0.4,4.5424556930104885,4.547102671537529,0.004646978527040879,0.10230102044123889,4.096528195993454,11.343699602960832
call,0.08,0.08,1.0,91,0.2,3.9036583631470236,3.9182601203875387,0.014601757240515045,0.37405315430173824,7.487283326377823,19.50207652630536
call,0.08,0.08,1.0,91,0.4,7.797598456704321,7.826821398370768,0.0292229416664469,0.3747684858191334,15.040671195639788,19.429280306931034
call,0.08,0.08,1.0,365,0.2,7.3531455263304935,7.501003497275519,0.14785797094502584,2.010812521193399,40.350573083721585,36.64333853158467
call,0.08,0.08,1.0,365,0.4,14.633186678618223,14.929448468938311,0.2962617903200879,2.0245883335376353,82.07200161119117,36.097790294381014
call,0.08,0.08,1.0,730,0.2,9.58345753740101,10.046068378762802,0.4626108413617924,4.827180999721426,97.18982599633804,47.59869015294079
call,0.08,0.08,1.0,730,0.4,18.977462818240284,19.9050309084215,0.927568090181218,4.887734988945315,200.80736276705875,46.191936261680745
call,0.08,0.08,1.15,30,0.2,12.970888550284059,13.043478260869563,0.07258971058550401,0.5596356047937388,1336.8863208768219,0.5429759393296409
call,0.08,0.08,1.15,30,0.4,13.530802125528595,13.563920310736833,0.03311818520823806,0.24476143321728064,65.79621245824761,5.033448578708677
call,0.08,0.08,1.15,91,0.2,13.12066638266785,13.257309091852775,0.13664270918492605,1.0414311682021613,200.0701107779068,6.829741266880687
call,0.08,0.08,1.15,91,0.4,15.38809265526399,15.484227439959206,0.09613478469521652,0.6247348963182292,67.78048708062856,14.183253740985808
call,0.08,0.08,1.15,365,0.2,14.498501987875912,14.994224181206128,0.4957221933302165,3.419126981151256,185.19653153528577,26.767358396005694
call,0.08,0.08,1.15,365,0.4,20.513145944326702,21.053760034115875,0.5406140897891731,2.6354518768423727,170.7126928738015,31.668066427188247
call,0.08,0.08,1.15,730,0.2,15.578583854383496,16.68359756631739,1.1050137119338928,7.093158930636461,281.2819641398718,39.284911683296116
call,0.08,0.08,1.15,730,0.4,23.820682578706723,25.230431605312337,1.4097490266056134,5.918172251981503,337.4268451377818,41.779397428499486
put,0.0,0.0,0.85,30,0.2,17.651272387626193,17.651272392658722,5.032529060144952e-9,2.8510857175785416e-8,0.00022535203478266918,0.22331855423441607
put,0.0,0.0,0.85,30,0.4,18.085640082364222,18.08564011601677,3.3652547415385925e-8,1.8607330048661866e-7,7.417284440683132e-5,4.537044208633116
put,0.0,0.0,0.85,91,0.2,17.882759301294342,17.882759334029764,3.273542148463093e-8,1.8305576300107984e-7,5.702931257306575e-5,5.740104519529396
put,0.0,0.0,0.85,91,0.4,20.181304753121793,20.181304738042215,-1.5079578474797017e-8,-7.472053298468919e-8,9.766934594205123e-6,15.439417894478346
put,0.0,0.0,0.85,365,0.2,20.18978592167312,20.189785906379193,-1.5293927901893767e-8,-7.575081757294019e-8,4.94167768796722e-6,30.948857589668073
put,0.0,0.0,0.85,365,0.4,27.456325478465132,27.45632532162623,-1.5683890097761832e-7,-5.712304842125799e-7,4.0159213989547686e-5,39.0542755688493
put,0.0,0.0,0.85,730,0.2,23.01024009593317,23.0102400181787,-7.775447130597968e-8,-3.3791247280258495e-7,1.5137179841458304e-5,51.36655052021161
put,0.0,0.0,0.85,730,0.4,34.02330363287176,34.02330338190263,-2.5096912992239595e-7,-7.376389213419037e-7,4.4483561089958655e-5,56.418399015956396
put,0.0,0.0,1.0,30,0.2,2.2871506280449694,2.287150598741917,-2.930305242898612e-8,-1.2812034358241652e-6,2.5631090163438594e-5,11.432620400510856
put,0.0,0.0,1.0,30,0.4,4.57242230723562,4.572422248741889,-5.849373074795494e-8,-1.2792722722787803e-6,5.1227005470124234e-5,11.418534074194262
put,0.0,0.0,1.0,91,0.2,3.9822992789311584,3.9822992279550413,-5.0976117105250296e-8,-1.2800674568821504e-6,2.5622635757326754e-5,19.894954441083897
put,0.0,0.0,1.0,91,0.4,7.954684509454552,7.954684408198009,-1.012565427060963e-7,-1.2729171419149016e-6,5.108628103824976e-5,19.820691709831575
put,0.0,0.0,1.0,365,0.2,7.965567455405804,7.965567354005682,-1.0140012207671134e-7,-1.2729805207775438e-6,2.5544645757080978e-5,39.69525474770118
put,0.0,0.0,1.0,365,0.4,15.851941887820608,15.851941690477023,-1.9734358502887517e-7,-1.244917414064573e-6,5.046599465204728e-5,39.104269397545586
put,0.0,0.0,1.0,730,0.2,11.246291601828489,11.246291459725587,-1.4210290188998442e-7,-1.2635534176161722e-6,2.5440217966196213e-5,55.857580339446855
put,0.0,0.0,1.0,730,0.4,22.270258921047848,22.270258651995853,-2.6905199490556697e-7,-1.2081224374597783e-6,4.963441780593704e-5,54.206739355243165
put,0.0,0.0,1.15,30,0.2,0.012979338319392797,0.012979347050660252,8.731267455569514e-9,6.727051287756233e-5,0.00015975007526699493,0.5465579556677325
put,0.0,0.0,1.15,30,0.4,0.5765866676129985,0.5765866886223143,2.100931584259058e-8,3.6437394450285672e-6,4.1465856352777213e-5,5.066654276677796
put,0.0,0.0,1.15,91,0.2,0.3415097206790332,0.341509745409454,2.4730420822294263e-8,7.2414983600238635e-6,3.5494835057983464e-5,6.967329410573474
put,0.0,0.0,1.15,91,0.4,2.6546142934648955,2.654614263759221,-2.9705674364777224e-8,-1.1190203577938374e-6,2.0530590973639706e-5,14.468981629860476
put,0.0,0.0,1.15,365,0.2,2.6625614432560987,2.662561413368608,-2.988749070453878e-8,-1.122508957689584e-6,1.0307192369776534e-5,28.996733186213692
put,0.0,0.0,1.15,365,0.4,9.178147457948576,9.178147310964553,-1.469840231749231e-7,-1.6014563270895165e-6,4.284548119235794e-5,34.30560681884456
put,0.0,0.0,1.15,730,0.2,5.238159246906974,5.238159164745298,-8.216167657337792e-8,-1.5685219310942618e-6,1.782199816242029e-5,46.10127092630116
put,0.0,0.0,1.15,730,0.4,14.910351699688018,14.910351475011897,-2.246761212632009e-7,-1.506846557267338e-6,4.582554393971597e-5,49.028577065831435
put,0.0,0.02,0.85,30,0.2,17.815126468685634,17.815126473407627,4.721993462908358e-9,2.6505528721384025e-8,0.00022962889854126337,0.2056358538888273
put,0.0,0.02,0.85,30,0.4,18.23579428704454,18.235794321093778,3.404923631933343e-8,1.8671649714497717e-7,7.665819208998423e-5,4.441695713272911
put,0.0,0.02,0.85,91,0.2,18.353016634190382,18.3530166669643,3.2773918690054415e-8,1.7857510480864984e-7,6.216175267318826e-5,5.2723607814537266
put,0.0,0.02,0.85,91,0.4,20.562390708617542,20.562390697782895,-1.083464695739167e-8,-5.269157225405191e-8,7.18165574675603e-6,15.086558503289028
put,0.0,0.02,0.85,365,0.2,21.72835485039998,21.72835485164319,1.2432082030500169e-9,5.721593795800567e-9,4.422870248008717e-7,28.108629313956005
put,0.0,0.02,0.85,365,0.4,28.62740834226691,28.627408200472942,-1.4179396856661697e-7,-4.95308436136936e-7,3.747120149056262e-5,37.84078517000015
put,0.0,0.02,0.85,730,0.2,25.725627498177005,25.72562745477427,-4.34027356277511e-8,-1.6871400175108168e-7,9.444002058854933e-6,45.95799043378607
put,0.0,0.02,0.85,730,0.4,36.04570492055899,36.045704695499154,-2.2505983565679344e-7,-6.243735173241918e-7,4.163623964244582e-5,54.053833292706265
put,0.0,0.02,1.0,30,0.2,2.3683354165525543,2.3683353872968302,-2.925572406553556e-8,-1.2352863475783081e-6,2.5621260903930843e-5,11.418534074194262
put,0.0,0.02,1.0,30,0.4,4.651260363344782,4.651260304912226,-5.8432556571119676e-8,-1.2562736120215823e-6,5.1220770794343595e-5,11.407980720503428
put,0.0,0.02,1.0,91,0.2,4.226036775028518,4.22603672440855,-5.061996866118079e-8,-1.1978118354362686e-6,2.5538951617955885e-5,19.820691709831575
put,0.0,0.02,1.0,91,0.4,8.186060684697942,8.186060583801174,-1.0089676827362837e-7,-1.2325436148089263e-6,5.104774429670316e-5,19.7651766329163
put,0.0,0.02,1.0,365,0.2,8.916037278572539,8.916037179898137,-9.867440198263466e-8,-1.1067069248327827e-6,2.5233664636329467e-5,39.104269397545586
put,0.0,0.02,1.0,365,0.4,16.704417199646805,16.704417005109764,-1.9453704069860578e-7,-1.1645844232309945e-6,5.031111494454934e-5,38.66681168028492
put,0.0,0.02,1.0,730,0.2,13.09565750290777,13.095657368378678,-1.3452909186639772e-7,-1.027280163951499e-6,2.4817779757008267e-5,54.206739355243165
put,0.0,0.02,1.0,730,0.4,23.847285309173003,23.84728504776799,-2.614050131910517e-7,-1.096162560232802e-6,4.9321043172302834e-5,53.00070646880572
put,0.0,0.02,1.15,30,0.2,0.014146827998585909,0.014146837096517343,9.09793143426263e-9,6.431075174711986e-5,0.00015541500638827693,0.5853959437824849
put,0.0,0.02,1.15,30,0.4,0.5933788065807057,0.5933788268229745,2.0242268750081394e-8,3.411356881235062e-6,3.9296354135215806e-5,5.151182392246687
put,0.0,0.02,1.15,91,0.2,0.37989261955255493,0.3798926427858317,2.3233276746914555e-8,6.1157483854988205e-6,3.1211837967130936e-5,7.443738741493349
put,0.0,0.02,1.15,91,0.4,2.761851503524067,2.7618514702361807,-3.3287886225252805e-8,-1.2052742945367676e-6,2.2671441264963144e-5,14.682739326633154
put,0.0,0.02,1.15,365,0.2,3.112110441730021,3.1121103977517337,-4.3978287234125446e-8,-1.413133886395045e-6,1.4356703659363532e-5,30.632579927525725
put,0.0,0.02,1.15,365,0.4,9.772164504165936,9.772164349268468,-1.548974672971326e-7,-1.585088618095805e-6,4.4872244543807716e-5,34.51966106707897
put,0.0,0.02,1.15,730,0.2,6.359933162506259,6.359933059075075,-1.0343118361788584e-7,-1.6262935627632713e-6,2.1558498532567776e-5,47.976988500212784
put,0.0,0.02,1.15,730,0.4,16.127489423896154,16.127489191244695,-2.3265145898676565e-7,-1.4425770364607725e-6,4.7691489562536914e-5,48.782594362395486
put,0.0,0.04,0.85,30,0.2,17.978745213867327,17.978745218306706,4.439378642473457e-9,2.469237196291811e-8,0.0002346422813787807,0.18919772755307523
put,0.0,0.04,0.85,30,0.4,18.386066643176903,18.38606667760163,3.4424726180759535e-8,1.8723268466741147e-7,7.918358092169015e-5,4.347457614325931
put,0.0,0.04,0.85,91,0.2,18.82355835956261,18.823558392174565,3.261195402615158e-8,1.732507393299752e-7,6.751016068159723e-5,4.830673441878114
put,0.0,0.04,0.85,91,0.4,20.9453330690136,20.945333062321005,-6.692594922697026e-9,-3.1952678435073495e-8,4.542718126079899e-6,14.732578022560128
put,0.0,0.04,0.85,365,0.2,23.292108650708585,23.292108667009728,1.630114354611578e-8,6.998569253891865e-8,6.449503796535103e-6,25.27503519708496
put,0.0,0.04,0.85,365,0.4,29.812760608127746,29.812760482046905,-1.2608084176690681e-7,-4.2290897989679573e-7,3.447332263678247e-5,36.573452201088564
put,0.0,0.04,0.85,730,0.2,28.514594571059476,28.514594560979216,-1.0080260182121492e-8,-3.535123095298126e-8,2.501013135522738e-6,40.30470707629695
put,0.0,0.04,0.85,730,0.4,38.094738765256515,38.09473856858973,-1.9666678241492264e-7,-5.162570706333031e-7,3.8165437675225534e-5,51.530073908358624
put,0.0,0.04,1.0,30,0.2,2.451262209184243,2.451262180082965,-2.9101278276044695e-8,-1.1871956483076254e-6,2.5538424382002652e-5,11.395095421999818
put,0.0,0.04,1.0,30,0.4,4.730905785025762,4.730905726702867,-5.832289495799614e-8,-1.2328060969338993e-6,5.118245420340726e-5,11.395095421999818
put,0.0,0.04,1.0,91,0.2,4.478418494628912,4.47841844477631,-4.985260204648512e-8,-1.1131742624382847e-6,2.53090549381058e-5,19.69753598797009
put,0.0,0.04,1.0,91,0.4,8.421201253639857,8.421201153307099,-1.0033275898990723e-7,-1.191430485603712e-6,5.093670551036618e-5,19.69753598797009
put,0.0,0.04,1.0,365,0.2,9.925053717274444,9.925053624609886,-9.266455869294532e-8,-9.336428933544581e-7,2.4296675178532714e-5,38.138781546052414
put,0.0,0.04,1.0,365,0.4,17.578286805283774,17.578286615196017,-1.9008775709039583e-7,-1.0813781752227312e-6,4.9841067119793975e-5,38.138781546052414
put,0.0,0.04,1.0,730,0.2,15.084702846685275,15.084702728375323,-1.1830995205741601e-7,-7.843041607108193e-7,2.294471766628484e-5,51.56304548094816
put,0.0,0.04,1.0,730,0.4,25.466338460563897,25.466338211071466,-2.494924302709478e-7,-9.796949438071018e-7,4.8385898843607256e-5,51.56304548094816
put,0.0,0.04,1.15,30,0.2,0.01540858213628693,0.01540859160423727,9.467950340402709e-9,6.14459543172753e-5,0.00015112966798367554,0.6264786038850692
put,0.0,0.04,1.15,30,0.4,0.6105664050050876,0.6105664244602331,1.945514549461791e-8,3.1864094282186713e-6,3.7156186803599913e-5,5.236044698949834
put,0.0,0.04,1.15,91,0.2,0.421787669823825,0.42178769130787674,2.14840517598347e-8,5.093570366532597e-6,2.7082144552809487e-5,7.932921160634583
put,0.0,0.04,1.15,91,0.4,2.872206739079349,2.872206702242969,-3.683638016838131e-8,-1.2825114455440894e-6,2.4738389611684616e-5,14.890371097956386
put,0.0,0.04,1.15,365,0.2,3.613381435008897,3.613381378037614,-5.6971282802464884e-8,-1.5766750293918142e-6,1.778201060565739e-5,32.03871826751657
put,0.0,0.04,1.15,365,0.4,10.388589213961598,10.388589052555787,-1.6140581138301968e-7,-1.553683643262173e-6,4.658401999498974e-5,34.64832176363899
put,0.0,0.04,1.15,730,0.2,7.625561845445908,7.625561727748808,-1.1769710006603873e-7,-1.5434547965318658e-6,2.404908638564529e-5,48.94036229845771
put,0.0,0.04,1.15,730,0.4,17.392500361952287,17.392500125604535,-2.363477520361812e-7,-1.3589061211303115e-6,4.89375756643241e-5,48.29576227015281
put,0.0,0.08,0.85,30,0.2,18.30526763525009,18.30526763916763,3.917541846476524e-9,2.140117219008911e-8,0.00024520788852373126,0.1597641034332949
put,0.0,0.08,0.85,30,0.4,18.68693418249177,18.686934217641017,3.5149248844845715e-8,1.8809532104938797e-7,8.444526457529803e-5,4.162370622156543
put,0.0,0.08,0.85,91,0.2,19.764624591674945,19.764624623300573,3.162562833836091e-8,1.6001127768286546e-7,7.857323786845785e-5,4.024987285277267
put,0.0,0.08,0.85,91,0.4,21.716398295964055,21.71639829736062,1.3965646417091193e-9,6.430922028026479e-9,9.959034267464988e-7,14.02309304499066
put,0.0,0.08,0.85,365,0.2,26.471005526242564,26.471005566563512,4.032094835793032e-8,1.5232118144494866e-7,2.0331227595992517e-5,19.832028424037695
put,0.0,0.08,0.85,365,0.4,32.220111565787334,32.22011147244239,-9.334494421864292e-8,-2.8971018311978935e-7,2.752773128571568e-5,33.90942146659221
put,0.0,0.08,0.85,730,0.2,34.21432287210699,34.214322916269666,4.416267529450124e-8,1.2907657257921237e-7,1.5127522115344412e-5,29.193594930993612
put,0.0,0.08,0.85,730,0.4,42.24873833153837,42.24873819614642,-1.3539195009570903e-7,-3.204638894379479e-7,2.9347962840931044e-5,46.133338395427046
put,0.0,0.08,1.0,30,0.2,2.622313449919403,2.6223134213367163,-2.8582686883993347e-8,-1.0899797995114519e-6,2.5248798731316648e-5,11.320414562353655
put,0.0,0.08,1.0,30,0.4,4.892609001156195,4.892608943178379,-5.797781632566057e-8,-1.1850081686879037e-6,5.10262001313102e-5,11.362362115239065
put,0.0,0.08,1.0,91,0.2,5.008674378722375,5.008674331657968,-4.706440748236673e-8,-9.396579598446972e-7,2.4374896796316448e-5,19.30855661693679
put,0.0,0.08,1.0,91,0.4,8.902630588837845,8.90263049029581,-9.854203497638991e-8,-1.1068867116641044e-6,5.046604719530064e-5,19.526402492954922
put,0.0,0.08,1.0,365,0.2,12.105832683237722,12.105832610875371,-7.236235077812125e-8,-5.977478185231934e-7,2.055367151408419e-5,35.20653267642995
put,0.0,0.08,1.0,365,0.4,19.386356841700632,19.38635666503983,-1.766608015429938e-7,-9.112635395372024e-7,4.797043860180688e-5,36.827014030332336
put,0.0,0.08,1.0,730,0.2,19.415941844282344,19.415941776359304,-6.79230396372077e-8,-3.4983128906110646e-7,1.5458440179706226e-5,43.93912894677224
put,0.0,0.08,1.0,730,0.4,28.812428304022866,28.81242808939393,-2.1462893684542905e-7,-7.449179034155271e-7,4.4642687132525904e-5,48.07706494196539
put,0.0,0.08,1.15,30,0.2,0.01824163280120561,0.018241643015771934,1.0214566324717733e-8,5.599589924890189e-5,0.00014271561198676914,0.7157287266977284
put,0.0,0.08,1.15,30,0.4,0.6461532729240158,0.6461532907388571,1.7814841268837256e-8,2.757061213699398e-6,3.294985379999245e-5,5.406652599120588
put,0.0,0.08,1.15,91,0.2,0.5170217238541692,0.5170217411093581,1.7255188833331658e-8,3.3374204675002486e-6,1.9295268688002542e-5,8.942704614453298
put,0.0,0.08,1.15,91,0.4,3.102413978580774,3.102413934815057,-4.3765717272492566e-8,-1.4106988162976743e-6,2.8631475825875728e-5,15.285875425582935
put,0.0,0.08,1.15,365,0.2,4.777534747389147,4.777534669981197,-7.740795027189051e-8,-1.6202488179535026e-6,2.2759155986256423e-5,34.011784232523766
put,0.0,0.08,1.15,365,0.4,11.687316286435113,11.687316116416532,-1.7001858054754848e-7,-1.4547272990710502e-6,4.9072708503288516e-5,34.646259750703386
put,0.0,0.08,1.15,730,0.2,10.577099027161289,10.577098905912186,-1.2124910320210347e-7,-1.146336087907883e-6,2.5281371577344805e-5,47.95985962674488
put,0.0,0.08,1.15,730,0.4,20.054467717345013,20.05446748626873,-2.3107628166485483e-7,-1.1522434049196832e-6,4.9553290584048114e-5,46.63187427945329
put,0.02,0.0,0.85,30,0.2,17.458463049286493,17.64705882352942,0.18859577424292695,1.0802541650459583,7795.644829191809,0.24192453398685568
put,0.02,0.0,0.85,30,0.4,17.906153088278927,17.973086896772735,0.06693380849380759,0.3738033968760234,144.6943140067738,4.625876901470649
put,0.02,0.0,0.85,91,0.2,17.32641112463486,17.67469346841534,0.3482823437804825,2.0101239735982674,561.4941854031923,6.202777389945566
put,0.02,0.0,0.85,91,0.4,19.703678828784632,19.825155246017438,0.121476417232806,0.6165164296899928,77.31371192279865,15.712143966662197
put,0.02,0.0,0.85,365,0.2,18.31269742301845,19.014086488966406,0.7013890659479571,3.8300696491950688,212.09881826566274,33.06897566347766
put,0.02,0.0,0.85,365,0.4,25.780230221069324,26.155220879558613,0.37499065848928836,1.4545667562845153,95.15136904119949,39.40990679040273
put,0.02,0.0,0.85,730,0.2,19.59378809356346,20.750376639188147,1.156588545624686,5.9028327758868855,213.9128048249594,54.068224039748316
put,0.02,0.0,0.85,730,0.4,30.77739343247751,31.531685210848156,0.7542917783706464,2.450798115914157,133.98852539908606,56.29525186011126
put,0.02,0.0,1.0,30,0.2,2.2040868906830653,2.213936672659921,0.00984978197685571,0.4468871902687638,8.626135292722108,11.418534074194262
put,0.02,0.0,1.0,30,0.4,4.4870118374753005,4.495947905803633,0.008936068328332603,0.19915410638543457,7.833172712390646,11.407980720503426
put,0.02,0.0,1.0,91,0.2,3.7286477344260334,3.763483879255135,0.03483614482910147,0.9342836146054957,17.57564536046027,19.820691709831575
put,0.02,0.0,1.0,91,0.4,7.688671644095457,7.720994948979418,0.032323304883960624,0.4204016815932492,16.353663559034636,19.7651766329163
put,0.02,0.0,1.0,365,0.2,6.93590460924807,7.110856003251453,0.17495139400338378,2.5224019628255885,44.73971683878711,39.104269397545586
put,0.02,0.0,1.0,365,0.4,14.724284530322329,14.897663720678441,0.17337919035611193,1.1775050257896402,44.83927761866979,38.66681168028492
put,0.02,0.0,1.0,730,0.2,9.174601418140078,9.570973190336467,0.39637177219638886,4.32031599119587,73.12223109358628,54.206739355243165
put,0.02,0.0,1.0,730,0.4,19.926229224405326,20.342434394812127,0.4162051704068013,2.0887302144303344,78.5282306853333,53.000706468805724
put,0.02,0.0,1.15,30,0.2,0.011880331985603898,0.01190265849818524,2.232651258134155e-5,0.18792835594490043,0.4386003992894589,0.509039951115205
put,0.02,0.0,1.15,30,0.4,0.559263592225884,0.5599546738276334,0.0006910816017494659,0.12356992505071585,1.389302648611188,4.974305652121973
put,0.02,0.0,1.15,91,0.2,0.3048943513480191,0.30650203876685367,0.001607687418834547,0.5272932777293291,2.483752581688296,6.472816296950738
put,0.02,0.0,1.15,91,0.4,2.537771582042886,2.5456471204332645,0.007875538390378356,0.31033283082311963,5.55453393557245,14.178576423742207
put,0.02,0.0,1.15,365,0.2,2.2176826192199215,2.2579334078349786,0.040250788615057154,1.814993194527336,15.110841795510023,26.637026023935423
put,0.02,0.0,1.15,365,0.4,8.436349248129932,8.5198526653062,0.08350341717626719,0.9898051244710764,25.050256979920125,33.334355509088056
put,0.02,0.0,1.15,730,0.2,4.091526430803459,4.229091727326631,0.13756529652317262,3.362199874538235,32.97416031040524,41.71912043496765
put,0.02,0.0,1.15,730,0.4,13.204651832765972,13.446125327217567,0.24147349445159527,1.8287001998220345,51.260050981327936,47.10754082932043
put,0.02,0.02,0.85,30,0.2,17.622280432932314,17.647072155351715,0.024791722419401196,0.14068396263329638,1111.9769933689824,0.222951756801093
put,0.02,0.02,0.85,30,0.4,18.055934685134872,18.06617527712155,0.01024059198667615,0.056715933931169166,22.608198660759832,4.529592180402389
put,0.02,0.02,0.85,91,0.2,17.793812416372404,17.835802558815544,0.041990142443140144,0.23598170791383788,73.51789619464093,5.711553868730129
put,0.02,0.02,0.85,91,0.4,20.080925155029178,20.10763113913165,0.026705984102473934,0.13299180140505398,17.383738766355403,15.362623921938393
put,0.02,0.02,0.85,365,0.2,19.790001374771393,19.924809432387796,0.1348080576164037,0.6811927652933826,44.438267431419646,30.336029149752346
put,0.02,0.02,0.85,365,0.4,26.91265380786998,27.049694516029536,0.1370407081595566,0.5092054805813399,35.798670456996156,38.28094909954251
put,0.02,0.02,0.85,730,0.2,22.107995676531942,22.400331787624218,0.29233611109227553,1.3223094276366079,59.23437938286729,49.352439265503584
put,0.02,0.02,0.85,730,0.4,32.68923081553604,33.043334617753054,0.3541038022170113,1.08324299282294,65.32532984952663,54.20620194841272
put,0.02,0.02,1.0,30,0.2,2.2833940168539897,2.283874414325928,0.00048039747193850957,0.021038746199413743,0.4208902237418613,11.413842490034765
put,0.02,0.02,1.0,30,0.4,4.564912170999456,4.565873237129111,0.0009610661296548528,0.021053332323903922,0.843056785870789,11.399779300301493
put,0.02,0.02,1.0,91,0.2,3.962491758753764,3.9654390538620263,0.0029472951082625265,0.07437984197068652,1.4888337237667029,19.795999118061093
put,0.02,0.02,1.0,91,0.4,7.915118780490033,7.921018023467986,0.0058992429779527455,0.07453132595424572,2.9911831166985308,19.722105761495264
put,0.02,0.02,1.0,365,0.2,7.807838651924229,7.837195384789306,0.029356732865077007,0.3759905163747472,7.544926565685665,38.90923604027037
put,0.02,0.02,1.0,365,0.4,15.538052407777535,15.596921811356808,0.05886940357927273,0.37887247406763663,15.358590083240264,38.32995298410413
put,0.02,0.02,1.0,730,0.2,10.805318200664281,10.898605084137866,0.09328688347358494,0.8633423073820252,17.38242022302009,53.66737328674297
put,0.02,0.02,1.0,730,0.4,21.397029578530585,21.584456052207944,0.18742647367735898,0.875946228842061,35.987313661103386,52.08126270340024
put,0.02,0.02,1.15,30,0.2,0.012958019947535537,0.01295867120647302,6.512589374833844e-7,0.00502591399087363,0.011935246276311677,0.5456602422825259
put,0.02,0.02,1.15,30,0.4,0.5756396325110842,0.5756948368753072,5.5204364223016e-5,0.009590090936268711,0.10913550191300007,5.058332371717451
put,0.02,0.02,1.15,91,0.2,0.33981108875578414,0.33991284195432386,0.00010175319853972242,0.029944048886777364,0.14677336420757753,6.932674677662608
put,0.02,0.02,1.15,91,0.4,2.641410532898938,2.6426358194518764,0.0012252865529385204,0.04638758487851463,0.8510698887314063,14.397014500946762
put,0.02,0.02,1.15,365,0.2,2.6098391942773453,2.6158705325424227,0.006031338265077402,0.2310999956741571,2.1220250366383007,28.422559399356622
put,0.02,0.02,1.15,365,0.4,8.996407961694967,9.023007087489873,0.026599125794906087,0.29566384615015484,7.910212439267213,33.626310290814615
put,0.02,0.02,1.15,730,0.2,5.032768085026309,5.063270694430722,0.030502609404413406,0.6060801707745282,6.886457546874995,44.293614237490196
put,0.02,0.02,1.15,730,0.4,14.325708447107136,14.430575387829226,0.10486694072208991,0.7320192303876338,22.261841622201842,47.106139061516636
put,0.02,0.04,0.85,30,0.2,17.78586538607904,17.785865390794974,4.715936086086003e-9,2.651507803369049e-8,0.0002297116283781141,0.20529810003015575
put,0.02,0.04,0.85,30,0.4,18.205842263747485,18.20584229835726,3.460977637814722e-8,1.9010258287837736e-7,7.804838103714836e-5,4.434400293540253
put,0.02,0.04,0.85,91,0.2,18.26173074083198,18.261730773478632,3.2646653380652424e-8,1.7877086155726052e-7,6.222989533285121e-5,5.246136636745752
put,0.02,0.04,0.85,91,0.4,20.460115630747012,20.46014041381909,2.4783072078093937e-5,0.00012112869998080793,0.0165093692805373,15.011519614689586
put,0.02,0.04,0.85,365,0.2,21.29810459750047,21.298231034913762,0.00012643741329299019,0.0005936557063759974,0.04589039793803844,27.552041162011047
put,0.02,0.04,0.85,365,0.4,28.060547677300768,28.07417331746221,0.013625640161443187,0.04855799793410832,3.6735221769254482,37.091487420520096
put,0.02,0.04,0.85,730,0.2,24.71691121581506,24.721966374770048,0.005055158954988315,0.02045222767055854,1.1448420298505917,44.15595185344515
put,0.02,0.04,0.85,730,0.4,34.632332614474,34.73034340090062,0.0980107864266202,0.2830037107741863,18.872053337549357,51.934352173332435
put,0.02,0.04,1.0,30,0.2,2.364445460543223,2.3644454313355032,-2.9207719798307608e-8,-1.2352883703901226e-6,2.562130285937653e-5,11.399779300301494
put,0.02,0.04,1.0,30,0.4,4.64362073676363,4.643620678428137,-5.833549288070117e-8,-1.2562501588223606e-6,5.121981456082062e-5,11.389243280338526
put,0.02,0.04,1.0,91,0.2,4.205016931257703,4.205016880889089,-5.036861328022724e-8,-1.1978218899861171e-6,2.5539165994416845e-5,19.722105761495264
put,0.02,0.04,1.0,91,0.4,8.145344115995194,8.145344900389922,7.843947287256015e-7,9.629976555382946e-6,0.0003988407183940856,19.666866810488454
put,0.02,0.04,1.0,365,0.2,8.739487911610368,8.7394926061613,4.694550931105823e-6,5.3716544705887565e-5,0.0012247734645155202,38.32995298410414
put,0.02,0.04,1.0,365,0.4,16.37364757745634,16.377692305691575,0.00404472823523605,0.024702670654796165,1.0671780233010064,37.901157510017434
put,0.02,0.04,1.0,730,0.2,12.582169427549665,12.58291478843034,0.0007453608806748946,0.005923945667452764,0.1431149787822314,52.08126270340025
put,0.02,0.04,1.0,730,0.4,22.912219877505763,22.956899805629554,0.04467992812379151,0.1950047981499006,8.774100135581,50.922519042840754
put,0.02,0.04,1.15,30,0.2,0.014123592042140976,0.0141236011251306,9.082989624320525e-9,6.4310761718544e-5,0.00015541503048547572,0.5844344395743225
put,0.02,0.04,1.15,30,0.4,0.5924041906380761,0.5924042108471512,2.0209075080046546e-8,3.4113659895416054e-6,3.929645905629332e-5,5.1427216511025735
put,0.02,0.04,1.15,91,0.2,0.37800307529684396,0.3780030984145247,2.3117680714168642e-8,6.1157387928694605e-6,3.121178901096501e-5,7.4067144007820795
put,0.02,0.04,1.15,91,0.4,2.7481143568278235,2.7481143560905226,-7.373008870104059e-10,-2.6829337912323262e-8,5.046650056457589e-7,14.60970899036225
put,0.02,0.04,1.15,365,0.2,3.0504865261678624,3.0504866682331757,1.420653132910843e-7,4.657136232938952e-6,4.7314076494304565e-5,30.02601420492386
put,0.02,0.04,1.15,365,0.4,9.578662682318814,9.579955404835786,0.0012927225169718781,0.013495855944046401,0.38205393776453717,33.83612598094966
put,0.02,0.04,1.15,730,0.2,6.110556616250648,6.110673850319685,0.00011723406903740852,0.0019185497557723588,0.02543270971582718,46.0957838733369
put,0.02,0.04,1.15,730,0.4,15.495121518520211,15.51686718177849,0.021745663258279535,0.14033877199535671,4.639589367273144,46.86980147784125
put,0.02,0.08,0.85,30,0.2,18.112328133765786,18.112328137918464,4.1526782013079355e-9,2.2927357381331522e-8,0.00023914766701319708,0.17364493884352947
put,0.02,0.08,0.85,30,0.4,18.50600337298998,18.506003407727555,3.473757459460103e-8,1.877097604191593e-7,8.178633173309221e-5,4.247356967661331
put,0.02,0.08,0.85,91,0.2,19.198196320553222,19.198196352571358,3.201813569830847e-8,1.6677679071356545e-7,7.288431677292391e-5,4.3930075928492505
put,0.02,0.08,0.85,91,0.4,21.22394132289486,21.22394132028535,-2.6095108296431135e-9,-1.2295128364438895e-8,1.8240132920361674e-6,14.306424416074764
put,0.02,0.08,0.85,365,0.2,24.382389641190855,24.382389670067006,2.8876151247914095e-8,1.1843035761815412e-7,1.3092550945706857e-5,22.05540491510006
put,0.02,0.08,0.85,365,0.4,30.396789675590654,30.39687955297422,8.987738356580621e-5,0.0002956805127285527,0.026004605793919697,34.56210191304689
put,0.02,0.08,0.85,730,0.2,30.122830499147327,30.12283207872991,1.5795825838438304e-6,5.2438053053764085e-6,0.0004745145105918165,33.28839368629146
put,0.02,0.08,0.85,730,0.4,38.58954796118486,38.59633884239304,0.006790881208175392,0.017597721577371085,1.4460201751204609,46.96256196847099
put,0.02,0.08,1.0,30,0.2,2.5317590772670044,2.5317590484482797,-2.8818724739920754e-8,-1.13828859146543e-6,2.5405049277220584e-5,11.343699602960832
put,0.02,0.08,1.0,30,0.4,4.8034536064117646,4.803453548334837,-5.807692726733649e-8,-1.20906606009089e-6,5.111867919044487e-5,11.361194809233698
put,0.02,0.08,1.0,91,0.2,4.715767255125179,4.715767206695652,-4.842952705530479e-8,-1.0269702560632255e-6,2.4926052993341423e-5,19.429280306931034
put,0.02,0.08,1.0,91,0.4,8.616996429666933,8.616996330616846,-9.90500872433131e-8,-1.149473462728841e-6,5.074204551434039e-5,19.520318158108193
put,0.02,0.08,1.0,365,0.2,10.771941499643376,10.771941417565909,-8.207746660104931e-8,-7.619561116607125e-7,2.273753211254748e-5,36.097790294381014
put,0.02,0.08,1.0,365,0.4,18.10682238069319,18.106838201510598,1.5820817409917254e-5,8.737489702658464e-5,0.004301354919461528,36.78100902191491
put,0.02,0.08,1.0,730,0.2,16.523293627307027,16.52329361909856,-8.208466795167624e-9,-4.967815122284094e-8,1.7770345777812924e-6,46.19193626168076
put,0.02,0.08,1.0,730,0.4,26.059447570208476,26.061912596689552,0.002465026481075938,0.009459243042028224,0.514007408707823,47.95702239531594
put,0.02,0.08,1.15,30,0.2,0.016743648481884477,0.01674365830639791,9.824513431955229e-9,5.867606120962647e-5,0.00014689910048769898,0.6687933009350123
put,0.02,0.08,1.15,30,0.4,0.6271240457920868,0.6271240644076119,1.861552512139042e-8,2.9683960049527597e-6,3.504117623657061e-5,5.312471532266199
put,0.02,0.08,1.15,91,0.2,0.46509575028700745,0.4650957696800164,1.9393008976464898e-8,4.169680966660651e-6,2.3110978249785164e-5,8.391254046827365
put,0.02,0.08,1.15,91,0.4,2.97086549568305,2.9708654555526395,-4.013041055017652e-8,-1.3507986345558162e-6,2.6724270690998313e-5,15.016466123318335
put,0.02,0.08,1.15,365,0.2,4.085592846090666,4.085592779159727,-6.693093901333214e-8,-1.6382185287350786e-6,2.05820704713246e-5,32.51905055255826
put,0.02,0.08,1.15,365,0.4,10.808753737745757,10.80875682235934,3.0846135832263144e-6,2.853810585446489e-5,0.0009071403976043863,34.003706497608185
put,0.02,0.08,1.15,730,0.2,8.67895615388305,8.678956040313054,-1.1356999607414764e-7,-1.308567459732301e-6,2.4155715366666083e-5,47.01578667832362
put,0.02,0.08,1.15,730,0.4,17.969214986160345,17.970195406025514,0.0009804198651686136,0.005456108494020023,0.21448760364309238,45.709861479921855
put,0.04,0.0,0.85,30,0.2,17.266010151893127,17.64705882352942,0.3810486716362931,2.2069295007017766,14551.319871428714,0.26186536685546724
put,0.04,0.0,0.85,30,0.4,17.727340801941935,17.88603561393371,0.1586948119917757,0.8951980658847126,336.5401124277009,4.715479853114633
put,0.04,0.0,0.85,91,0.2,16.775916308515534,17.64705882352942,0.8711425150138865,5.1928162908853475,1302.9248916747904,6.686053206751716
put,0.04,0.0,0.85,91,0.4,19.232336008836725,19.521003284510847,0.288667275674122,1.5009475476171348,180.64596551722266,15.979724476415203
put,0.04,0.0,0.85,365,0.2,16.53823132596152,18.2719684834175,1.7337371574559803,10.48320780671619,495.5977653421484,34.98274767762625
put,0.04,0.0,0.85,365,0.4,24.1763348749708,25.059214999076524,0.8828801241057249,3.651836097868376,222.55904391794658,39.669478649954414
put,0.04,0.0,0.85,730,0.2,16.523007985718408,19.290092869553327,2.7670848838349187,16.746859205216367,496.0261402684805,55.78506169729681
put,0.04,0.0,0.85,730,0.4,27.769078126163336,29.51264064852066,1.7435625223573226,6.278791519242337,311.9508855650133,55.89221262184712
put,0.04,0.0,1.0,30,0.2,2.1230349332277854,2.145993688342622,0.02295875511483647,1.0814120274474623,20.147927037549326,11.395095421999818
put,0.04,0.0,1.0,30,0.4,4.402678509069304,4.423257161199128,0.02057865212982435,0.46741210123413107,18.0592187846838,11.395095421999818
put,0.04,0.0,1.0,91,0.2,3.4861143720010546,3.5674830839875598,0.0813687119865052,2.3340803916252173,41.30908151973914,19.69753598797009
put,0.04,0.0,1.0,91,0.4,7.428897131012,7.503862149580124,0.07496501856812365,1.0091002371695454,38.058069097529334,19.69753598797009
put,0.04,0.0,1.0,365,0.2,6.003997632506753,6.404037782795094,0.4000401502883415,6.662896536175333,104.89064780564496,38.138781546052414
put,0.04,0.0,1.0,365,0.4,13.657230720516083,14.057189921312489,0.3999592007964061,2.928552713073682,104.86942282449614,38.138781546052414
put,0.04,0.0,1.0,730,0.2,7.396337485348852,8.274043021010387,0.8777055356615353,11.866758884382326,170.21987888318884,51.56304548094816
put,0.04,0.0,1.0,730,0.4,17.777973099227466,18.721759192702734,0.9437860934752678,5.308738449583319,183.03536664140287,51.56304548094816
put,0.04,0.0,1.15,30,0.2,0.010866768913722513,0.01091431391446095,4.754500073843662e-5,0.4375265648503575,1.003677748715546,0.4737078290246269
put,0.04,0.0,1.15,30,0.4,0.5423774845377523,0.5439259546717926,0.0015484701340403584,0.2854967579194517,3.1713809138290556,4.882636857931927
put,0.04,0.0,1.15,91,0.2,0.2716813452079849,0.2751584454911983,0.0034771002832133524,1.2798450628074842,5.7966857749306175,5.998428098778515
put,0.04,0.0,1.15,91,0.4,2.425036078946494,2.4429055094905827,0.017869430544088516,0.7368727706456026,12.869275897993358,13.885342645326928
put,0.04,0.0,1.15,365,0.2,1.8343414789834007,1.9202545343280155,0.0859130553446148,4.683591159494913,35.46334617525887,24.22587392628853
put,0.04,0.0,1.15,365,0.4,7.742236797584148,7.931429561703437,0.18919276411928898,2.4436447639824683,58.555977961465025,32.30972664205086
put,0.04,0.0,1.15,730,0.2,3.153268920432698,3.438061903223975,0.2847929827912772,9.031674429854759,76.95871098063638,37.0059450271892
put,0.04,0.0,1.15,730,0.4,11.658151412359164,12.19660104925998,0.5384496369008165,4.618653660047591,119.55974594336281,45.03603053454864
put,0.04,0.02,0.85,30,0.2,17.429787781088564,17.64705882352942,0.21727104244085638,1.2465501311300928,8995.718228644133,0.24152717650606567
put,0.04,0.02,0.85,30,0.4,17.87674249579149,17.959963399285762,0.08322090349427214,0.465526107532532,180.19895309834155,4.618278966851448
put,0.04,0.02,0.85,91,0.2,17.2402314545712,17.664373997362127,0.4241425427909249,2.4601905369342627,687.2126792258349,6.171925454995008
put,0.04,0.02,0.85,91,0.4,19.60567488969474,19.768352081132697,0.16267719143795745,0.8297454301023061,104.05351108719952,15.633993484528336
put,0.04,0.02,0.85,365,0.2,17.950081718710734,18.871934972087274,0.9218532533765398,5.13564934033488,284.3982631858354,32.414166072954174
put,0.04,0.02,0.85,365,0.4,25.269747460234868,25.842640583573495,0.572893123338627,2.2671106002944685,148.304418792615,38.62953835109564
put,0.04,0.02,0.85,730,0.2,18.825504673284314,20.419588007892536,1.5940833346082215,8.46767915268917,306.8602934694228,51.94817865111194
put,0.04,0.02,0.85,730,0.4,29.57059457456048,30.80840417758548,1.2378096030249992,4.1859476308598955,228.8515511803016,54.08788346161508
put,0.04,0.02,1.0,30,0.2,2.200466710456233,2.2111632433205823,0.01069653286434935,0.4861029168731023,9.38310521859529,11.399779300301493
put,0.04,0.02,1.0,30,0.4,4.479641986676654,4.4900883224861,0.010446335809445984,0.23319577413809994,9.172107006862957,11.389243280338526
put,0.04,0.02,1.0,91,0.2,3.7101018492323306,3.7499099766133073,0.03980812738097672,1.0729658914677382,20.18452180633606,19.722105761495264
put,0.04,0.02,1.0,91,0.4,7.6504290339698215,7.691715263637883,0.041286229668061836,0.5396590110795176,20.99278449683894,19.666866810488454
put,0.04,0.02,1.0,365,0.2,6.798564496167167,7.018052803521687,0.21948830735452063,3.228450763073025,57.26286892278342,38.32995298410413
put,0.04,0.02,1.0,365,0.4,14.43272416201313,14.689598182521552,0.25687402050842145,1.7798027428842076,67.77471649527554,37.90115751001743
put,0.04,0.02,1.0,730,0.2,8.81486015098092,9.340228992344974,0.5253688413640543,5.9600360342142364,100.87482793111204,52.08126270340024
put,0.04,0.02,1.0,730,0.4,19.144910600937024,19.812181223255024,0.667270622318,3.4853681807495165,131.03645201774683,50.922519042840754
put,0.04,0.02,1.15,30,0.2,0.011860818715449195,0.011884167511341956,2.3348795892760843e-5,0.1968565278073772,0.459437593996551,0.5082038604994115
put,0.04,0.02,1.15,30,0.4,0.558345010019929,0.5591211498106481,0.0007761397907191103,0.13900720464778715,1.5628647303455625,4.96613542841612
put,0.04,0.02,1.15,91,0.2,0.3033778402589977,0.30514443639422134,0.0017665961352236192,0.5823088903643894,2.7428971141274814,6.440621218071373
put,0.04,0.02,1.15,91,0.4,2.5251489843182817,2.534856880022251,0.00970789570396935,0.38444843311255966,6.881102017267716,14.108053738497064
put,0.04,0.02,1.15,365,0.2,2.1737695611748187,2.222545721888498,0.048776160713679406,2.2438514912003007,18.681328942931383,26.109577569499017
put,0.04,0.02,1.15,365,0.4,8.269298340569403,8.389916985738045,0.1206186451686424,1.4586321620165044,36.915459007363076,32.67429104554384
put,0.04,0.02,1.15,730,0.2,3.931095384728561,4.107924830696884,0.17682944596832328,4.498223234553572,44.11550163076788,40.083290324640785
put,0.04,0.02,1.15,730,0.4,12.686890028604921,13.066477739119826,0.3795877105149046,2.9919681628756494,83.86745983756194,45.26042773324794
put,0.04,0.04,0.85,30,0.2,17.59333609709664,17.64705882352942,0.05372272643278109,0.30535838192534015,2413.5764239057185,0.2225855618271471
put,0.04,0.04,0.85,30,0.4,18.026278078582592,18.048942602026347,0.022664523443754803,0.1257304660726554,50.11888472347548,4.522152392018179
put,0.04,0.04,0.85,91,0.2,17.70530794350799,17.799840819499188,0.09453287599119875,0.5339239300034945,166.33901164985102,5.683145225738957
put,0.04,0.04,0.85,91,0.4,19.981044834056476,20.040702939369137,0.05965810531266058,0.29857350207721356,39.02739648482504,15.286211914201694
put,0.04,0.04,0.85,365,0.2,19.398133092289783,19.704015219868907,0.3058821275791246,1.5768637431439432,102.86822804197021,29.735335525982308
put,0.04,0.04,0.85,365,0.4,26.379747557638154,26.688879517584326,0.30913195994617126,1.1718533669465054,82.38480163125067,37.52293552029499
put,0.04,0.04,0.85,730,0.2,21.241128766837114,21.90289751441626,0.6617687475791456,3.115506500823711,139.56271518794387,47.417302442702294
put,0.04,0.04,0.85,730,0.4,31.40746774157973,32.20441433959994,0.7969465980202131,2.537443020167943,153.02134734781885,52.08074636859304
put,0.04,0.04,1.0,30,0.2,2.2796435758415186,2.280695924657645,0.0010523488161262584,0.04616286630412341,0.9235103148803411,11.395095421999818
put,0.04,0.04,1.0,30,0.4,4.5574143700513545,4.559519635060315,0.0021052650089607994,0.04619428557550883,1.849797710107317,11.381055330848373
put,0.04,0.04,1.0,91,0.2,3.942782759010946,3.949318917215729,0.006536158204783149,0.16577525581000452,3.3182618418745307,19.69753598797009
put,0.04,0.04,1.0,91,0.4,7.875749847125206,7.888831769061654,0.013081921936447749,0.1661038274498128,6.666283712594849,19.624010168861556
put,0.04,0.04,1.0,365,0.2,7.65323308800933,7.719146256672081,0.06591316866275143,0.8612460630007547,17.282452661252844,38.138781546052414
put,0.04,0.04,1.0,365,0.4,15.230378355874372,15.362507792756034,0.13212943688166234,0.8675387688625601,35.16796084241352,37.57096906292918
put,0.04,0.04,1.0,730,0.2,10.381635613878622,10.59086737127027,0.2092317573916489,2.0154026318544527,40.57785094733343,51.56304548094816
put,0.04,0.04,1.0,730,0.4,20.558040048282074,20.9780371618999,0.4199971136178249,2.042982271809135,83.93374090651555,50.03912718314472
put,0.04,0.04,1.15,30,0.2,0.012936736590789977,0.012938126640183198,1.3900493932208352e-6,0.010744977169980024,0.025516542660684774,0.544764003378321
put,0.04,0.04,1.15,30,0.4,0.5746941529003653,0.5748139695403287,0.00011981663996341041,0.020848766140862934,0.23725953926513302,5.050024135363325
put,0.04,0.04,1.15,91,0.2,0.3381209056415617,0.3383437889931198,0.0002228833515580675,0.06591824043980993,0.32310399801234624,6.898192313595291
put,0.04,0.04,1.15,91,0.4,2.62827244639098,2.63097308669865,0.0027006403076699215,0.10275343834229642,1.8852103976909589,14.325405328645102
put,0.04,0.04,1.15,365,0.2,2.558160915774625,2.5715905318794148,0.013429616104789766,0.5249715145742974,4.820435821293968,27.85975501523181
put,0.04,0.04,1.15,365,0.4,8.81826714857974,8.877719512103315,0.05945236352357597,0.674195536627072,18.0374773235463,32.96046473525777
put,0.04,0.04,1.15,730,0.2,4.835430425796137,4.90334437300462,0.0679139472084831,1.4045067600636876,15.9584105269725,42.55683678126757
put,0.04,0.04,1.15,730,0.4,13.763989384355767,13.998138147532387,0.23414876317661992,1.7011693095517408,51.735200619985086,45.25908092954592
put,0.04,0.08,0.85,30,0.2,17.919734068200697,17.919734072628,4.427302968679214e-9,2.470629838495006e-8,0.0002347746189056059,0.18857672900575626
put,0.04,0.08,0.85,30,0.4,18.325718557478453,18.325718593114555,3.56361020692475e-8,1.944595075902491e-7,8.223991544327077e-5,4.3331880726250676
put,0.04,0.08,0.85,91,0.2,18.636771413935392,18.636771446331235,3.2395842453070145e-8,1.738275462714888e-7,6.773492352794598e-5,4.782738470163668
put,0.04,0.08,0.85,91,0.4,20.73749166547165,20.7375451387391,5.347326744953307e-5,0.00025785793340940625,0.03665970946481375,14.586386043472901
put,0.04,0.08,0.85,365,0.2,22.378812007189268,22.379151048924506,0.00033904173523779946,0.0015150122139141308,0.13961535095194771,24.28398689156249
put,0.04,0.08,0.85,365,0.4,28.64378554426552,28.673637052558014,0.029851508292495055,0.1042163517331295,8.4951705641278,35.13938662814819
put,0.04,0.08,0.85,730,0.2,26.322288359132642,26.33596930222098,0.013680943088338893,0.051974748174173184,3.677086324716263,37.20593393845483
put,0.04,0.08,0.85,730,0.4,35.16587606553695,35.38592704468773,0.2200509791507841,0.625751449333114,46.26005007623118,47.56825355531731
put,0.04,0.08,1.0,30,0.2,2.443216498008482,2.4432164690027913,-2.900569073815973e-8,-1.1871928157739147e-6,2.5538363449798132e-5,11.35769361070355
put,0.04,0.08,1.0,30,0.4,4.715377661839497,4.715377603708426,-5.8131071511979826e-8,-1.2327977880207065e-6,5.1182109241965116e-5,11.35769361070355
put,0.04,0.08,1.0,91,0.2,4.433978963278172,4.433978913921026,-4.935714592591012e-8,-1.1131569710790626e-6,2.530866180292892e-5,19.50207652630536
put,0.04,0.08,1.0,91,0.4,8.337637326425195,8.337639169542296,1.8431171007193825e-6,2.2105987926313753e-5,0.0009450876157896805,19.50207652630536
put,0.04,0.08,1.0,365,0.2,9.535886794576783,9.535900483622749,1.3689045966103208e-5,0.00014355294123131156,0.0037357529402797063,36.64333853158467
put,0.04,0.08,1.0,365,0.4,16.889032320907276,16.898007284455716,0.008974963548439518,0.0531407802288899,2.4492756140938314,36.64333853158467
put,0.04,0.08,1.0,730,0.2,13.924935778160197,13.927089476154826,0.0021536979946290558,0.015466484218957084,0.45247001287408195,47.59869015294079
put,0.04,0.08,1.0,730,0.4,23.508393315561207,23.60964631986057,0.10125300429936246,0.43071001467522146,21.27222492342192,47.59869015294079
put,0.04,0.08,1.15,30,0.2,0.015358006966877613,0.015358016403750261,9.436872647899941e-9,6.144594587209333e-5,0.00015112964721229226,0.6244223302290872
put,0.04,0.08,1.15,30,0.4,0.6085623595260348,0.6085623789173427,1.9391307892746568e-8,3.186412631213185e-6,3.715622415318266e-5,5.218858572066608
put,0.04,0.08,1.15,91,0.2,0.41760225338742707,0.41760227465836214,2.1270935068873342e-8,5.093587234343634e-6,2.7082234237738505e-5,7.854202456912789
put,0.04,0.08,1.15,91,0.4,2.843705713197071,2.8437057489438926,3.57468215028689e-8,1.257050662344385e-6,2.424727604166443e-5,14.742613331676777
put,0.04,0.08,1.15,365,0.2,3.4716987223856144,3.471699234304401,5.119187864721653e-7,1.4745484196865876e-5,0.00016630209236925947,30.78246215540654
put,0.04,0.08,1.15,365,0.4,9.981246804466032,9.984150451969425,0.002903647503393003,0.029091030011338746,0.8722349170630831,33.289741634855936
put,0.04,0.08,1.15,730,0.2,7.039280789913359,7.039640060883603,0.0003592709702440189,0.005103802234438795,0.07952405286314063,45.17764843579053
put,0.04,0.08,1.15,730,0.4,16.055301388653643,16.105018727658845,0.04971733900520192,0.3096630689246195,11.151734200255458,44.582607612781
put,0.08,0.0,0.85,30,0.2,16.882184670772205,17.64705882352942,0.7648741527572156,4.530658606533473,24991.163823569754,0.3060578363444782
put,0.08,0.0,0.85,30,0.4,17.371765404609988,17.75886074062593,0.3870953360159426,2.228301655013244,790.4895202318114,4.896906614301815
put,0.08,0.0,0.85,91,0.2,15.69334041705082,17.64705882352942,1.9537184064786004,12.449347013182004,2533.804821327816,7.710611291104786
put,0.08,0.0,0.85,91,0.4,18.30863926150485,19.008771138356266,0.7001318768514153,3.8240519508377107,424.38005182907153,16.497756523518426
put,0.08,0.0,0.85,365,0.2,13.303615545473107,17.65366407310458,4.350048527631472,32.69824291571389,1144.9925699353214,37.991936732630485
put,0.08,0.0,0.85,365,0.4,21.18037825943742,23.247115570061144,2.0667373106237257,9.75779226087637,518.0644900594679,39.89343701952025
put,0.08,0.0,0.85,730,0.2,11.387022573685464,17.82352683955277,6.436504265867306,56.52491003874511,1150.9015805954532,55.92575746170397
put,0.08,0.0,0.85,730,0.4,22.424663350705217,26.324065591246438,3.899402240541221,17.388899799998967,718.4591490106828,54.274515759325936
put,0.08,0.0,1.0,30,0.2,1.966936229453296,2.0206291767465316,0.053692947293235704,2.729775703412586,47.43019524372636,11.320414562353657
put,0.08,0.0,1.0,30,0.4,4.237231780690088,4.285130611637987,0.04789883094789893,1.1304274447808937,42.155698315280404,11.362362115239065
put,0.08,0.0,1.0,91,0.2,3.0339128081845104,3.2213593831712686,0.1874465749867582,6.178377126761465,97.07953769176959,19.308556616936787
put,0.08,0.0,1.0,91,0.4,6.92786901829998,7.1022574322199095,0.17438841391992987,2.5172013711472103,89.3090337469223,19.526402492954922
put,0.08,0.0,1.0,365,0.2,4.417467321901299,5.27403201386192,0.8565646919606209,19.390402453321407,243.2970891604084,35.20653267642995
put,0.08,0.0,1.0,365,0.4,11.697991480364209,12.598976071325662,0.9009845909614533,7.702045197022163,244.65317503595676,36.827014030332336
put,0.08,0.0,1.0,730,0.2,4.630320740903464,6.360771950308878,1.7304512094054143,37.37216720472306,393.82920209949515,43.93912894677224
put,0.08,0.0,1.0,730,0.4,14.02680720064399,16.058943165265017,2.032135964621027,14.487516193476507,422.68303339108803,48.077064941965396
put,0.08,0.0,1.15,30,0.2,0.009072546254476954,0.009167880752912746,9.533449843579164e-5,1.050802010392041,2.3296624459120503,0.40922022245359546
put,0.08,0.0,1.15,30,0.4,0.509883260592062,0.5133345771234712,0.0034513165314091765,0.6768836708625432,7.340982129619587,4.701437042713555
put,0.08,0.0,1.15,91,0.2,0.2144627156801313,0.22142260192798863,0.0069598862478573165,3.2452663045813086,13.612083895869194,5.113020387693472
put,0.08,0.0,1.15,91,0.4,2.211513179012492,2.2515548394413623,0.04004166042887025,1.8106001270474035,30.12448303492878,13.292065587463423
put,0.08,0.0,1.15,365,0.2,1.2284494996233644,1.3889884244251087,0.16053892480174436,13.068418754777033,82.55479363474014,19.446348023355423
put,0.08,0.0,1.15,365,0.4,6.489228844416608,6.901362776838372,0.41213393242176366,6.351046361639217,136.79803410104202,30.12718239191599
put,0.08,0.0,1.15,730,0.2,1.7961215750621928,2.284406374565741,0.488284799503548,27.18550939329597,178.06832062441234,27.421205399777683
put,0.08,0.0,1.15,730,0.4,9.001710387373684,10.12355472299226,1.1218443356185759,12.462568637979501,276.66076174206205,40.54945589517679
put,0.08,0.02,0.85,30,0.2,17.045872730346744,17.64705882352942,0.601186093182676,3.5268718867786992,21261.973538341834,0.2827517831769256
put,0.08,0.02,0.85,30,0.4,17.520385155726203,17.807448620308875,0.2870634645826726,1.6384540752453232,598.3059939298948,4.797937301231661
put,0.08,0.02,0.85,91,0.2,16.150752449234886,17.64705882352942,1.4963063742945337,9.26462329849789,2091.7768355543203,7.15327920675636
put,0.08,0.02,0.85,91,0.4,18.673965027265453,19.208801299424763,0.5348362721593105,2.8640745089669366,330.9435663193159,16.160950886812696
put,0.08,0.02,0.85,365,0.2,14.573727055314805,17.79420506156986,3.2204780062550533,22.09783395854526,896.7307846782338,35.91354352143302
put,0.08,0.02,0.85,365,0.4,22.19509578284248,23.87683373611747,1.6817379532749896,7.577070041639681,430.7471108854712,39.04235015802896
put,0.08,0.02,0.85,730,0.2,13.250276984150432,18.242520244821705,4.992243260671273,37.676520020244396,921.0001003209426,54.20458975988838
put,0.08,0.02,0.85,730,0.4,24.008447169976627,27.324494229002923,3.316047059026296,13.812001399128905,625.0763942699672,53.05026856595888
put,0.08,0.02,1.0,30,0.2,2.040630382670386,2.0794016483644646,0.038771265694078405,1.8999651295665803,34.178678077792775,11.343699602960834
put,0.08,0.02,1.0,30,0.4,4.312324911815139,4.347852952064565,0.03552804024942535,0.8238720638160572,31.27139429081023,11.3611948092337
put,0.08,0.02,1.0,91,0.2,3.2383947251897993,3.377113206197577,0.1387184810077775,4.283556909500812,71.39661316136979,19.429280306931034
put,0.08,0.02,1.0,91,0.4,7.1396238997315535,7.273172079598881,0.13354817986732748,1.8705212171238996,68.4149606505544,19.520318158108196
put,0.08,0.02,1.0,365,0.2,5.063708807631421,5.739002136046523,0.6752933284151013,13.33594316081879,187.07331471206908,36.097790294381014
put,0.08,0.02,1.0,365,0.4,12.398589688681241,13.136447665125404,0.7378579764441628,5.9511444040910435,200.60841071666394,36.78100902191491
put,0.08,0.02,1.0,730,0.2,5.658728608695842,7.096397002645123,1.4376683939492807,25.406208591449268,311.23795846201006,46.191936261680745
put,0.08,0.02,1.0,730,0.4,15.194882551597289,16.937789141776257,1.7429065901789684,11.47035249703693,363.43094360862597,47.957022395315946
put,0.08,0.02,1.15,30,0.2,0.009916389933534386,0.009989653884136935,7.326395060254856e-5,0.7388167578484474,1.6660649967168004,0.4397424515065425
put,0.08,0.02,1.15,30,0.4,0.5250562827714091,0.5276331794298159,0.0025768966584067687,0.49078484401807604,5.38671212548804,4.783802435281058
put,0.08,0.02,1.15,91,0.2,0.24041608045400675,0.24586346608456708,0.005447385630560325,2.265815839054263,9.87312811010747,5.517385746249604
put,0.08,0.02,1.15,91,0.4,2.3047933440141435,2.335614160650307,0.03082081663616343,1.3372485961142335,22.792910296401253,13.522106758358847
put,0.08,0.02,1.15,365,0.2,1.4767215947956114,1.6105602787875053,0.13383868399189391,9.063230636267503,62.5946652984794,21.381803601583478
put,0.08,0.02,1.15,365,0.4,6.953384204558461,7.293044160302841,0.3396599557443807,4.8848150159990915,110.92807335094042,30.619837294911523
put,0.08,0.02,1.15,730,0.2,2.3028227068907956,2.7331421644090415,0.43031945751824585,18.686608232174795,139.20050076601146,30.91364292155742
put,0.08,0.02,1.15,730,0.4,9.858228441342508,10.827926087272797,0.9696976459302888,9.836429047065518,235.58618334876505,41.16105758607817
put,0.08,0.04,0.85,30,0.2,17.209338397105213,17.64705882352942,0.4377204264242067,2.543505254669382,16770.521461417233,0.2610058532951641
put,0.08,0.04,0.85,30,0.4,17.669154834128193,17.865893264211444,0.19673843008325065,1.1134569362833808,418.59219406364366,4.70000236204448
put,0.08,0.04,0.85,91,0.2,16.609448199377525,17.64705882352942,1.0376106241518954,6.247110751040978,1567.4569718299688,6.6197072251400275
put,0.08,0.04,0.85,91,0.4,19.041492745743398,19.425596740666634,0.38410399492323677,2.017194765410925,242.77870110281526,15.821157011651163
put,0.08,0.04,0.85,365,0.2,15.889758000241955,18.116483337844905,2.22672533760295,14.01358873790931,662.4979100845729,33.61105452119376
put,0.08,0.04,0.85,365,0.4,23.22836722528195,24.550770125482344,1.3224029002003945,5.693051463217269,346.95973660178515,38.11401614355476
put,0.08,0.04,0.85,730,0.2,15.252658763093585,18.91698538912271,3.6643266260291263,24.02418281916587,711.5735870749638,51.49610233696169
put,0.08,0.04,0.85,730,0.4,25.634089942348943,28.395982383043886,2.761892440694943,10.774294881957728,535.3021866492683,51.59501510694452
put,0.08,0.04,1.0,30,0.2,2.1160665534988468,2.1409369343242917,0.024870380825444904,1.175311843775544,21.89738663315141,11.357693610703548
put,0.08,0.04,1.0,30,0.4,4.388227717329862,4.412231257074577,0.02400353974471514,0.5469984989594103,21.134167347228036,11.357693610703548
put,0.08,0.04,1.0,91,0.2,3.4515215153681638,3.5438682842299554,0.0923467688617916,2.67553797508173,47.352274890948024,19.50207652630536
put,0.08,0.04,1.0,91,0.4,7.355179878515187,7.450357391895437,0.09517751338024993,1.2940202000805956,48.80378417747968,19.50207652630536
put,0.08,0.04,1.0,365,0.2,5.768577518008044,6.258914007158651,0.49033648915060724,8.500128283270882,133.81326833196775,36.64333853158467
put,0.08,0.04,1.0,365,0.4,13.121723044338538,13.702420354182149,0.580697309843611,4.425465374337078,158.47281746533,36.64333853158467
put,0.08,0.04,1.0,730,0.2,6.827680036117751,7.943394564747733,1.1157145286299812,16.341048829587237,234.40025871406226,47.598690152940804
put,0.08,0.04,1.0,730,0.4,16.411137573518754,17.86988348747671,1.458745913957955,8.888755623569985,306.4676589357426,47.598690152940804
put,0.08,0.04,1.15,30,0.2,0.010831101214132333,0.010880744302230055,4.964308809772208e-5,0.45833832697406784,1.0514195414047862,0.4721529907214268
put,0.08,0.04,1.15,30,0.4,0.5405972536948518,0.5423334388893564,0.0017361851945045803,0.32116056503028334,3.5675448423093954,4.86661071197829
put,0.08,0.04,1.15,91,0.2,0.2689854400190761,0.27278374624367857,0.003798306224602477,1.4120861799557276,6.395633432667129,5.938905449461468
put,0.08,0.04,1.15,91,0.4,2.400972345959893,2.4228752056960134,0.021902859736120384,0.9122495630978942,15.93218230203408,13.747557817816345
put,0.08,0.04,1.15,365,0.2,1.7624159208063084,1.8641664812551397,0.10175056044883135,5.773356859048362,43.714864494666436,23.275963822613644
put,0.08,0.04,1.15,365,0.4,7.438659350535353,7.706411446423262,0.26775209588790894,3.599467098444817,86.25243701382176,31.04284413958092
put,0.08,0.04,1.15,730,0.2,2.9108340850043604,3.2616516867542718,0.3508176017499114,12.052133220412866,102.69597785145086,34.16079276808358
put,0.08,0.04,1.15,730,0.4,10.761830137399187,11.57714246339007,0.8153123259908828,7.575963526478028,196.11348699667656,41.57349596280951
put,0.08,0.08,0.85,30,0.2,17.53558996927528,17.64705882352942,0.11146885425414155,0.6356721071229997,5024.401823892505,0.22185497530088946
put,0.08,0.08,0.85,30,0.4,17.967110917088917,18.017735309832467,0.05062439274355057,0.2817614527853813,112.31621271099974,4.507309454407258
put,0.08,0.08,0.85,91,0.2,17.529617442860598,17.744634064239055,0.21501662137845656,1.2265904950825255,382.1328080383909,5.626751141369022
put,0.08,0.08,0.85,91,0.4,19.782772102424005,19.917198357926864,0.13442625550285925,0.6795117226588677,88.82092091827998,15.13452620318344
put,0.08,0.08,0.85,365,0.2,18.637521414343226,19.33300024456503,0.6954788302218056,3.7316058007937305,243.43490561425614,28.56939634301469
put,0.08,0.08,0.85,365,0.4,25.345382860883035,26.042953955516964,0.6975710946339291,2.752261027039091,193.4921937723873,36.05164017389302
put,0.08,0.08,0.85,730,0.2,19.60803318037074,21.09008684875374,1.4820536683829992,7.558400451232699,338.5872856220706,43.771686986417436
put,0.08,0.08,0.85,730,0.4,28.9927468708632,30.763338609298348,1.7705917384351473,6.107016166220994,368.2856460627821,48.07658830486465
put,0.08,0.08,1.0,30,0.2,2.272161163831015,2.2744840633672063,0.0023228995361912474,0.10223304460827436,2.045221165327206,11.35769361070355
put,0.08,0.08,1.0,30,0.4,4.5424556930104885,4.547102671541923,0.004646978531434698,0.1023010205379667,4.0965281998668095,11.343699602960832
put,0.08,0.08,1.0,91,0.2,3.9036583631470236,3.9182601203898995,0.014601757242875824,0.37405315436221426,7.48728332758835,19.50207652630536
put,0.08,0.08,1.0,91,0.4,7.797598456704321,7.826821398382643,0.029222941678321845,0.3747684859714232,15.04067120175167,19.429280306931034
put,0.08,0.08,1.0,365,0.2,7.3531455263304935,7.5010034972730635,0.14785797094257003,2.010812521160001,40.350573083051394,36.64333853158467
put,0.08,0.08,1.0,365,0.4,14.633186678618223,14.929448468934574,0.29626179031635047,2.0245883335120944,82.0720016101558,36.097790294381014
put,0.08,0.08,1.0,730,0.2,9.58345753740101,10.04606837876765,0.4626108413666401,4.827180999772009,97.1898259973565,47.59869015294079
put,0.08,0.08,1.0,730,0.4,18.977462818240284,19.905030908410716,0.927568090170432,4.887734988888479,200.80736276472368,46.191936261680745
put,0.08,0.08,1.15,30,0.2,0.012894274692680341,0.01289727173394134,2.9970412609992003e-6,0.02324319383935975,0.05519657583169068,0.5429759393296409
put,0.08,0.08,1.15,30,0.4,0.5728078499372184,0.5730696956502768,0.0002618457130583174,0.045712661425121266,0.5202113599926622,5.033448578708677
put,0.08,0.08,1.15,91,0.2,0.3347657179554133,0.33525675976526065,0.0004910418098473257,0.14668222685595494,0.7189757132214127,6.829741266880687
put,0.08,0.08,1.15,91,0.4,2.6021919905515496,2.6081824346288833,0.005990444077333734,0.230207613392278,4.2236035445258615,14.183253740985808
put,0.08,0.08,1.15,365,0.2,2.457853991528495,2.487671717266127,0.029817725737632195,1.2131609867960094,11.139584749641074,26.767358396005694
put,0.08,0.08,1.15,365,0.4,8.472497947979281,8.60511408576421,0.13261613778492887,1.5652542921719828,41.876929268745265,31.668066427188247
put,0.08,0.08,1.15,730,0.2,4.463664867867706,4.612362920197827,0.14869805233012112,3.3312996546972897,37.85118661558486,39.284911683296116
put,0.08,0.08,1.15,730,0.4,12.70576359219094,13.22038361021746,0.5146200180265197,4.0502879995564305,123.17554816515273,41.779397428499486
